model,target_mode,lead_hour,k_cycles_per_km,power_pred,power_true
persistence,,1,0.000578704,4384.88,3987.77
persistence,,1,0.00173611,2181.18,1986.43
persistence,,1,0.00289352,520.269,466.886
persistence,,1,0.00405093,182.577,158.311
persistence,,1,0.00520833,68.5477,60.4614
persistence,,1,0.00636574,38.4987,35.9067
persistence,,1,0.00752315,28.6286,25.7958
persistence,,1,0.00868056,18.0898,14.4973
persistence,,1,0.00983796,13.3019,10.287
persistence,,1,0.0109954,9.18095,7.0763
persistence,,1,0.0121528,6.46983,4.9433
persistence,,1,0.0133102,5.01959,3.88165
persistence,,1,0.0144676,4.40842,3.43105
persistence,,1,0.015625,3.96302,3.16119
persistence,,1,0.0167824,2.72526,2.10575
persistence,,1,0.0179398,2.08996,1.71076
persistence,,1,0.0190972,1.96617,1.76447
persistence,,1,0.0202546,1.56322,1.3122
persistence,,1,0.021412,1.374,1.06731
persistence,,1,0.0225694,1.028,0.759069
persistence,,1,0.0237269,0.830117,0.571959
persistence,,1,0.0248843,0.734999,0.541464
persistence,,1,0.0260417,0.578599,0.44158
persistence,,1,0.0271991,0.554673,0.422615
persistence,,1,0.0283565,0.476961,0.370498
persistence,,1,0.0295139,0.373673,0.290158
persistence,,1,0.0306713,0.327807,0.252986
persistence,,1,0.0318287,0.314956,0.24503
persistence,,1,0.0329861,0.27544,0.206699
persistence,,1,0.0341435,0.216866,0.146848
persistence,,1,0.0353009,0.184884,0.12048
persistence,,1,0.0364583,0.162759,0.108313
persistence,,1,0.0376157,0.16011,0.107624
persistence,,1,0.0387731,0.144782,0.0924343
persistence,,1,0.0399306,0.13116,0.0836254
persistence,,1,0.041088,0.131741,0.0848821
persistence,,5,0.000578704,4384.88,3975.66
persistence,,5,0.00173611,2181.18,1976.39
persistence,,5,0.00289352,520.269,464.258
persistence,,5,0.00405093,182.577,157.782
persistence,,5,0.00520833,68.5477,59.9545
persistence,,5,0.00636574,38.4987,36.0682
persistence,,5,0.00752315,28.6286,26.0765
persistence,,5,0.00868056,18.0898,14.7271
persistence,,5,0.00983796,13.3019,10.2219
persistence,,5,0.0109954,9.18095,7.0101
persistence,,5,0.0121528,6.46983,4.95278
persistence,,5,0.0133102,5.01959,3.89973
persistence,,5,0.0144676,4.40842,3.41003
persistence,,5,0.015625,3.96302,3.14346
persistence,,5,0.0167824,2.72526,2.12513
persistence,,5,0.0179398,2.08996,1.7139
persistence,,5,0.0190972,1.96617,1.74091
persistence,,5,0.0202546,1.56322,1.29868
persistence,,5,0.021412,1.374,1.0493
persistence,,5,0.0225694,1.028,0.751006
persistence,,5,0.0237269,0.830117,0.563169
persistence,,5,0.0248843,0.734999,0.534586
persistence,,5,0.0260417,0.578599,0.437055
persistence,,5,0.0271991,0.554673,0.416558
persistence,,5,0.0283565,0.476961,0.366463
persistence,,5,0.0295139,0.373673,0.287089
persistence,,5,0.0306713,0.327807,0.249557
persistence,,5,0.0318287,0.314956,0.240839
persistence,,5,0.0329861,0.27544,0.203808
persistence,,5,0.0341435,0.216866,0.145193
persistence,,5,0.0353009,0.184884,0.120431
persistence,,5,0.0364583,0.162759,0.108852
persistence,,5,0.0376157,0.16011,0.107738
persistence,,5,0.0387731,0.144782,0.0919734
persistence,,5,0.0399306,0.13116,0.0834877
persistence,,5,0.041088,0.131741,0.0845449
persistence,,10,0.000578704,4384.88,4008.93
persistence,,10,0.00173611,2181.18,1971
persistence,,10,0.00289352,520.269,454.787
persistence,,10,0.00405093,182.577,153.779
persistence,,10,0.00520833,68.5477,57.5762
persistence,,10,0.00636574,38.4987,34.7335
persistence,,10,0.00752315,28.6286,25.3017
persistence,,10,0.00868056,18.0898,14.3968
persistence,,10,0.00983796,13.3019,9.84337
persistence,,10,0.0109954,9.18095,6.78938
persistence,,10,0.0121528,6.46983,4.83365
persistence,,10,0.0133102,5.01959,3.78621
persistence,,10,0.0144676,4.40842,3.25598
persistence,,10,0.015625,3.96302,2.96328
persistence,,10,0.0167824,2.72526,2.00894
persistence,,10,0.0179398,2.08996,1.61846
persistence,,10,0.0190972,1.96617,1.64495
persistence,,10,0.0202546,1.56322,1.23426
persistence,,10,0.021412,1.374,0.985973
persistence,,10,0.0225694,1.028,0.710645
persistence,,10,0.0237269,0.830117,0.53064
persistence,,10,0.0248843,0.734999,0.503885
persistence,,10,0.0260417,0.578599,0.417581
persistence,,10,0.0271991,0.554673,0.392073
persistence,,10,0.0283565,0.476961,0.346786
persistence,,10,0.0295139,0.373673,0.274749
persistence,,10,0.0306713,0.327807,0.235019
persistence,,10,0.0318287,0.314956,0.222397
persistence,,10,0.0329861,0.27544,0.188976
persistence,,10,0.0341435,0.216866,0.136185
persistence,,10,0.0353009,0.184884,0.11427
persistence,,10,0.0364583,0.162759,0.104004
persistence,,10,0.0376157,0.16011,0.103106
persistence,,10,0.0387731,0.144782,0.0880634
persistence,,10,0.0399306,0.13116,0.0804695
persistence,,10,0.041088,0.131741,0.0816365
climatology,,1,0.000578704,3865.56,3987.77
climatology,,1,0.00173611,1853.94,1986.43
climatology,,1,0.00289352,389.037,466.886
climatology,,1,0.00405093,123.643,158.311
climatology,,1,0.00520833,40.697,60.4614
climatology,,1,0.00636574,21.9216,35.9067
climatology,,1,0.00752315,16.7473,25.7958
climatology,,1,0.00868056,9.76614,14.4973
climatology,,1,0.00983796,7.18498,10.287
climatology,,1,0.0109954,4.65065,7.0763
climatology,,1,0.0121528,2.80797,4.9433
climatology,,1,0.0133102,2.16211,3.88165
climatology,,1,0.0144676,2.2408,3.43105
climatology,,1,0.015625,2.24547,3.16119
climatology,,1,0.0167824,1.37186,2.10575
climatology,,1,0.0179398,1.01303,1.71076
climatology,,1,0.0190972,1.08712,1.76447
climatology,,1,0.0202546,0.826822,1.3122
climatology,,1,0.021412,0.738036,1.06731
climatology,,1,0.0225694,0.485707,0.759069
climatology,,1,0.0237269,0.348391,0.571959
climatology,,1,0.0248843,0.336315,0.541464
climatology,,1,0.0260417,0.247809,0.44158
climatology,,1,0.0271991,0.264371,0.422615
climatology,,1,0.0283565,0.22834,0.370498
climatology,,1,0.0295139,0.151205,0.290158
climatology,,1,0.0306713,0.137138,0.252986
climatology,,1,0.0318287,0.1463,0.24503
climatology,,1,0.0329861,0.122337,0.206699
climatology,,1,0.0341435,0.0791297,0.146848
climatology,,1,0.0353009,0.0636306,0.12048
climatology,,1,0.0364583,0.0541389,0.108313
climatology,,1,0.0376157,0.0550346,0.107624
climatology,,1,0.0387731,0.0478287,0.0924343
climatology,,1,0.0399306,0.0431559,0.0836254
climatology,,1,0.041088,0.0443262,0.0848821
climatology,,5,0.000578704,3902.29,3975.66
climatology,,5,0.00173611,1865.52,1976.39
climatology,,5,0.00289352,388.778,464.258
climatology,,5,0.00405093,123.046,157.782
climatology,,5,0.00520833,40.5088,59.9545
climatology,,5,0.00636574,22.041,36.0682
climatology,,5,0.00752315,16.8015,26.0765
climatology,,5,0.00868056,9.75352,14.7271
climatology,,5,0.00983796,7.074,10.2219
climatology,,5,0.0109954,4.55928,7.0101
climatology,,5,0.0121528,2.7546,4.95278
climatology,,5,0.0133102,2.12655,3.89973
climatology,,5,0.0144676,2.20263,3.41003
climatology,,5,0.015625,2.21115,3.14346
climatology,,5,0.0167824,1.36336,2.12513
climatology,,5,0.0179398,1.00147,1.7139
climatology,,5,0.0190972,1.07007,1.74091
climatology,,5,0.0202546,0.814453,1.29868
climatology,,5,0.021412,0.725013,1.0493
climatology,,5,0.0225694,0.47678,0.751006
climatology,,5,0.0237269,0.343735,0.563169
climatology,,5,0.0248843,0.332273,0.534586
climatology,,5,0.0260417,0.245077,0.437055
climatology,,5,0.0271991,0.259086,0.416558
climatology,,5,0.0283565,0.22527,0.366463
climatology,,5,0.0295139,0.149808,0.287089
climatology,,5,0.0306713,0.135,0.249557
climatology,,5,0.0318287,0.143435,0.240839
climatology,,5,0.0329861,0.120032,0.203808
climatology,,5,0.0341435,0.0779216,0.145193
climatology,,5,0.0353009,0.0632318,0.120431
climatology,,5,0.0364583,0.0540068,0.108852
climatology,,5,0.0376157,0.0547859,0.107738
climatology,,5,0.0387731,0.0477545,0.0919734
climatology,,5,0.0399306,0.0432374,0.0834877
climatology,,5,0.041088,0.0442872,0.0845449
climatology,,10,0.000578704,4056.6,4008.93
climatology,,10,0.00173611,1921.74,1971
climatology,,10,0.00289352,391.154,454.787
climatology,,10,0.00405093,121.608,153.779
climatology,,10,0.00520833,39.5471,57.5762
climatology,,10,0.00636574,21.1194,34.7335
climatology,,10,0.00752315,16.0134,25.3017
climatology,,10,0.00868056,9.45281,14.3968
climatology,,10,0.00983796,6.84302,9.84337
climatology,,10,0.0109954,4.3863,6.78938
climatology,,10,0.0121528,2.6801,4.83365
climatology,,10,0.0133102,2.07201,3.78621
climatology,,10,0.0144676,2.1172,3.25598
climatology,,10,0.015625,2.08887,2.96328
climatology,,10,0.0167824,1.29496,2.00894
climatology,,10,0.0179398,0.955299,1.61846
climatology,,10,0.0190972,1.01907,1.64495
climatology,,10,0.0202546,0.775475,1.23426
climatology,,10,0.021412,0.686713,0.985973
climatology,,10,0.0225694,0.453611,0.710645
climatology,,10,0.0237269,0.328288,0.53064
climatology,,10,0.0248843,0.31711,0.503885
climatology,,10,0.0260417,0.235499,0.417581
climatology,,10,0.0271991,0.244617,0.392073
climatology,,10,0.0283565,0.214136,0.346786
climatology,,10,0.0295139,0.145136,0.274749
climatology,,10,0.0306713,0.129317,0.235019
climatology,,10,0.0318287,0.136413,0.222397
climatology,,10,0.0329861,0.114787,0.188976
climatology,,10,0.0341435,0.0757082,0.136185
climatology,,10,0.0353009,0.0619811,0.11427
climatology,,10,0.0364583,0.0531354,0.104004
climatology,,10,0.0376157,0.0540911,0.103106
climatology,,10,0.0387731,0.0473214,0.0880634
climatology,,10,0.0399306,0.0426014,0.0804695
climatology,,10,0.041088,0.0439983,0.0816365
unet,ox,1,0.000578704,4348.47,3987.77
unet,ox,1,0.00173611,2175.7,1986.43
unet,ox,1,0.00289352,527.283,466.886
unet,ox,1,0.00405093,184.325,158.311
unet,ox,1,0.00520833,66.7066,60.4614
unet,ox,1,0.00636574,35.3103,35.9067
unet,ox,1,0.00752315,24.6315,25.7958
unet,ox,1,0.00868056,14.9667,14.4973
unet,ox,1,0.00983796,10.8053,10.287
unet,ox,1,0.0109954,6.7118,7.0763
unet,ox,1,0.0121528,4.11392,4.9433
unet,ox,1,0.0133102,2.83983,3.88165
unet,ox,1,0.0144676,2.54694,3.43105
unet,ox,1,0.015625,2.38763,3.16119
unet,ox,1,0.0167824,1.57575,2.10575
unet,ox,1,0.0179398,0.960612,1.71076
unet,ox,1,0.0190972,0.85999,1.76447
unet,ox,1,0.0202546,0.668504,1.3122
unet,ox,1,0.021412,0.538438,1.06731
unet,ox,1,0.0225694,0.329767,0.759069
unet,ox,1,0.0237269,0.244433,0.571959
unet,ox,1,0.0248843,0.194928,0.541464
unet,ox,1,0.0260417,0.116453,0.44158
unet,ox,1,0.0271991,0.0957219,0.422615
unet,ox,1,0.0283565,0.0694313,0.370498
unet,ox,1,0.0295139,0.0382931,0.290158
unet,ox,1,0.0306713,0.0260309,0.252986
unet,ox,1,0.0318287,0.0202204,0.24503
unet,ox,1,0.0329861,0.0141645,0.206699
unet,ox,1,0.0341435,0.0100336,0.146848
unet,ox,1,0.0353009,0.00766034,0.12048
unet,ox,1,0.0364583,0.00599143,0.108313
unet,ox,1,0.0376157,0.00537662,0.107624
unet,ox,1,0.0387731,0.00450576,0.0924343
unet,ox,1,0.0399306,0.00389873,0.0836254
unet,ox,1,0.041088,0.00377648,0.0848821
unet,ox,5,0.000578704,4278.99,3975.66
unet,ox,5,0.00173611,2104.48,1976.39
unet,ox,5,0.00289352,490.642,464.258
unet,ox,5,0.00405093,162.897,157.782
unet,ox,5,0.00520833,54.2182,59.9545
unet,ox,5,0.00636574,28.8333,36.0682
unet,ox,5,0.00752315,20.2073,26.0765
unet,ox,5,0.00868056,11.8106,14.7271
unet,ox,5,0.00983796,7.88916,10.2219
unet,ox,5,0.0109954,4.61177,7.0101
unet,ox,5,0.0121528,2.85651,4.95278
unet,ox,5,0.0133102,2.07668,3.89973
unet,ox,5,0.0144676,1.88852,3.41003
unet,ox,5,0.015625,1.76903,3.14346
unet,ox,5,0.0167824,1.2341,2.12513
unet,ox,5,0.0179398,0.775378,1.7139
unet,ox,5,0.0190972,0.746806,1.74091
unet,ox,5,0.0202546,0.56828,1.29868
unet,ox,5,0.021412,0.457722,1.0493
unet,ox,5,0.0225694,0.286689,0.751006
unet,ox,5,0.0237269,0.211312,0.563169
unet,ox,5,0.0248843,0.168732,0.534586
unet,ox,5,0.0260417,0.100794,0.437055
unet,ox,5,0.0271991,0.0813365,0.416558
unet,ox,5,0.0283565,0.0585417,0.366463
unet,ox,5,0.0295139,0.0329165,0.287089
unet,ox,5,0.0306713,0.0217837,0.249557
unet,ox,5,0.0318287,0.0168087,0.240839
unet,ox,5,0.0329861,0.0119332,0.203808
unet,ox,5,0.0341435,0.00850833,0.145193
unet,ox,5,0.0353009,0.0066886,0.120431
unet,ox,5,0.0364583,0.00536773,0.108852
unet,ox,5,0.0376157,0.0048768,0.107738
unet,ox,5,0.0387731,0.00415616,0.0919734
unet,ox,5,0.0399306,0.00369065,0.0834877
unet,ox,5,0.041088,0.00364418,0.0845449
unet,ox,10,0.000578704,4223.09,4008.93
unet,ox,10,0.00173611,2017.23,1971
unet,ox,10,0.00289352,445.36,454.787
unet,ox,10,0.00405093,147.518,153.779
unet,ox,10,0.00520833,49.2273,57.5762
unet,ox,10,0.00636574,25.0342,34.7335
unet,ox,10,0.00752315,17.6531,25.3017
unet,ox,10,0.00868056,10.7472,14.3968
unet,ox,10,0.00983796,6.92063,9.84337
unet,ox,10,0.0109954,3.84935,6.78938
unet,ox,10,0.0121528,2.30598,4.83365
unet,ox,10,0.0133102,1.59216,3.78621
unet,ox,10,0.0144676,1.30693,3.25598
unet,ox,10,0.015625,1.14875,2.96328
unet,ox,10,0.0167824,0.799603,2.00894
unet,ox,10,0.0179398,0.483048,1.61846
unet,ox,10,0.0190972,0.434659,1.64495
unet,ox,10,0.0202546,0.314578,1.23426
unet,ox,10,0.021412,0.252742,0.985973
unet,ox,10,0.0225694,0.155647,0.710645
unet,ox,10,0.0237269,0.110881,0.53064
unet,ox,10,0.0248843,0.086647,0.503885
unet,ox,10,0.0260417,0.0544734,0.417581
unet,ox,10,0.0271991,0.0418773,0.392073
unet,ox,10,0.0283565,0.029764,0.346786
unet,ox,10,0.0295139,0.0184249,0.274749
unet,ox,10,0.0306713,0.0131627,0.235019
unet,ox,10,0.0318287,0.0102223,0.222397
unet,ox,10,0.0329861,0.00776544,0.188976
unet,ox,10,0.0341435,0.00600329,0.136185
unet,ox,10,0.0353009,0.00494331,0.11427
unet,ox,10,0.0364583,0.00411567,0.104004
unet,ox,10,0.0376157,0.00374383,0.103106
unet,ox,10,0.0387731,0.00328183,0.0880634
unet,ox,10,0.0399306,0.00300249,0.0804695
unet,ox,10,0.041088,0.00298059,0.0816365
unet,species,1,0.000578704,4475.2,3987.77
unet,species,1,0.00173611,2232.69,1986.43
unet,species,1,0.00289352,535.38,466.886
unet,species,1,0.00405093,186.054,158.311
unet,species,1,0.00520833,66.2301,60.4614
unet,species,1,0.00636574,35.4304,35.9067
unet,species,1,0.00752315,25.3067,25.7958
unet,species,1,0.00868056,15.4937,14.4973
unet,species,1,0.00983796,11.0081,10.287
unet,species,1,0.0109954,6.96026,7.0763
unet,species,1,0.0121528,4.3302,4.9433
unet,species,1,0.0133102,3.14956,3.88165
unet,species,1,0.0144676,2.76322,3.43105
unet,species,1,0.015625,2.59333,3.16119
unet,species,1,0.0167824,1.77925,2.10575
unet,species,1,0.0179398,1.10214,1.71076
unet,species,1,0.0190972,0.935429,1.76447
unet,species,1,0.0202546,0.7315,1.3122
unet,species,1,0.021412,0.604441,1.06731
unet,species,1,0.0225694,0.404581,0.759069
unet,species,1,0.0237269,0.342141,0.571959
unet,species,1,0.0248843,0.295505,0.541464
unet,species,1,0.0260417,0.206585,0.44158
unet,species,1,0.0271991,0.17113,0.422615
unet,species,1,0.0283565,0.138559,0.370498
unet,species,1,0.0295139,0.0935158,0.290158
unet,species,1,0.0306713,0.0706589,0.252986
unet,species,1,0.0318287,0.0622589,0.24503
unet,species,1,0.0329861,0.0531264,0.206699
unet,species,1,0.0341435,0.0449079,0.146848
unet,species,1,0.0353009,0.0409998,0.12048
unet,species,1,0.0364583,0.035917,0.108313
unet,species,1,0.0376157,0.0335012,0.107624
unet,species,1,0.0387731,0.0300174,0.0924343
unet,species,1,0.0399306,0.0271732,0.0836254
unet,species,1,0.041088,0.0262058,0.0848821
unet,species,5,0.000578704,4422.01,3975.66
unet,species,5,0.00173611,2160.82,1976.39
unet,species,5,0.00289352,492.309,464.258
unet,species,5,0.00405093,164.048,157.782
unet,species,5,0.00520833,56.0696,59.9545
unet,species,5,0.00636574,29.9775,36.0682
unet,species,5,0.00752315,21.8892,26.0765
unet,species,5,0.00868056,13.1587,14.7271
unet,species,5,0.00983796,9.1082,10.2219
unet,species,5,0.0109954,5.6302,7.0101
unet,species,5,0.0121528,3.5567,4.95278
unet,species,5,0.0133102,2.59926,3.89973
unet,species,5,0.0144676,2.34951,3.41003
unet,species,5,0.015625,2.29201,3.14346
unet,species,5,0.0167824,1.63249,2.12513
unet,species,5,0.0179398,1.02379,1.7139
unet,species,5,0.0190972,0.891599,1.74091
unet,species,5,0.0202546,0.676749,1.29868
unet,species,5,0.021412,0.560491,1.0493
unet,species,5,0.0225694,0.373296,0.751006
unet,species,5,0.0237269,0.313153,0.563169
unet,species,5,0.0248843,0.26873,0.534586
unet,species,5,0.0260417,0.18804,0.437055
unet,species,5,0.0271991,0.153177,0.416558
unet,species,5,0.0283565,0.121743,0.366463
unet,species,5,0.0295139,0.081601,0.287089
unet,species,5,0.0306713,0.0592705,0.249557
unet,species,5,0.0318287,0.0522371,0.240839
unet,species,5,0.0329861,0.0441904,0.203808
unet,species,5,0.0341435,0.0360552,0.145193
unet,species,5,0.0353009,0.0325075,0.120431
unet,species,5,0.0364583,0.0286238,0.108852
unet,species,5,0.0376157,0.0258788,0.107738
unet,species,5,0.0387731,0.0231323,0.0919734
unet,species,5,0.0399306,0.0212792,0.0834877
unet,species,5,0.041088,0.0208835,0.0845449
unet,species,10,0.000578704,4534.22,4008.93
unet,species,10,0.00173611,2146.16,1971
unet,species,10,0.00289352,458.407,454.787
unet,species,10,0.00405093,152.023,153.779
unet,species,10,0.00520833,54.9658,57.5762
unet,species,10,0.00636574,28.7518,34.7335
unet,species,10,0.00752315,20.2212,25.3017
unet,species,10,0.00868056,12.227,14.3968
unet,species,10,0.00983796,8.05548,9.84337
unet,species,10,0.0109954,4.80576,6.78938
unet,species,10,0.0121528,3.06859,4.83365
unet,species,10,0.0133102,2.24305,3.78621
unet,species,10,0.0144676,1.86802,3.25598
unet,species,10,0.015625,1.73423,2.96328
unet,species,10,0.0167824,1.24627,2.00894
unet,species,10,0.0179398,0.809995,1.61846
unet,species,10,0.0190972,0.678971,1.64495
unet,species,10,0.0202546,0.524401,1.23426
unet,species,10,0.021412,0.429178,0.985973
unet,species,10,0.0225694,0.284922,0.710645
unet,species,10,0.0237269,0.243157,0.53064
unet,species,10,0.0248843,0.209051,0.503885
unet,species,10,0.0260417,0.154671,0.417581
unet,species,10,0.0271991,0.128887,0.392073
unet,species,10,0.0283565,0.102699,0.346786
unet,species,10,0.0295139,0.0776345,0.274749
unet,species,10,0.0306713,0.0601412,0.235019
unet,species,10,0.0318287,0.0517036,0.222397
unet,species,10,0.0329861,0.0469436,0.188976
unet,species,10,0.0341435,0.0420765,0.136185
unet,species,10,0.0353009,0.038282,0.11427
unet,species,10,0.0364583,0.0350742,0.104004
unet,species,10,0.0376157,0.0328933,0.103106
unet,species,10,0.0387731,0.02938,0.0880634
unet,species,10,0.0399306,0.0276875,0.0804695
unet,species,10,0.041088,0.0272533,0.0816365
unet,multitask,1,0.000578704,4420.32,3987.77
unet,multitask,1,0.00173611,2203.88,1986.43
unet,multitask,1,0.00289352,527.148,466.886
unet,multitask,1,0.00405093,182.083,158.311
unet,multitask,1,0.00520833,65.9106,60.4614
unet,multitask,1,0.00636574,36.3025,35.9067
unet,multitask,1,0.00752315,26.0239,25.7958
unet,multitask,1,0.00868056,15.7896,14.4973
unet,multitask,1,0.00983796,11.2249,10.287
unet,multitask,1,0.0109954,7.12487,7.0763
unet,multitask,1,0.0121528,4.51153,4.9433
unet,multitask,1,0.0133102,3.26552,3.88165
unet,multitask,1,0.0144676,2.90186,3.43105
unet,multitask,1,0.015625,2.70837,3.16119
unet,multitask,1,0.0167824,1.79644,2.10575
unet,multitask,1,0.0179398,1.13774,1.71076
unet,multitask,1,0.0190972,1.00959,1.76447
unet,multitask,1,0.0202546,0.779511,1.3122
unet,multitask,1,0.021412,0.635292,1.06731
unet,multitask,1,0.0225694,0.417271,0.759069
unet,multitask,1,0.0237269,0.339023,0.571959
unet,multitask,1,0.0248843,0.291904,0.541464
unet,multitask,1,0.0260417,0.196713,0.44158
unet,multitask,1,0.0271991,0.162036,0.422615
unet,multitask,1,0.0283565,0.126529,0.370498
unet,multitask,1,0.0295139,0.0777539,0.290158
unet,multitask,1,0.0306713,0.0550452,0.252986
unet,multitask,1,0.0318287,0.0472272,0.24503
unet,multitask,1,0.0329861,0.0384995,0.206699
unet,multitask,1,0.0341435,0.0301122,0.146848
unet,multitask,1,0.0353009,0.0258145,0.12048
unet,multitask,1,0.0364583,0.0217743,0.108313
unet,multitask,1,0.0376157,0.0193851,0.107624
unet,multitask,1,0.0387731,0.0166854,0.0924343
unet,multitask,1,0.0399306,0.0150515,0.0836254
unet,multitask,1,0.041088,0.0145776,0.0848821
unet,multitask,5,0.000578704,4413.66,3975.66
unet,multitask,5,0.00173611,2161.23,1976.39
unet,multitask,5,0.00289352,491.07,464.258
unet,multitask,5,0.00405093,162.004,157.782
unet,multitask,5,0.00520833,55.5879,59.9545
unet,multitask,5,0.00636574,29.9062,36.0682
unet,multitask,5,0.00752315,20.9968,26.0765
unet,multitask,5,0.00868056,12.3214,14.7271
unet,multitask,5,0.00983796,8.73239,10.2219
unet,multitask,5,0.0109954,5.59016,7.0101
unet,multitask,5,0.0121528,3.47535,4.95278
unet,multitask,5,0.0133102,2.43619,3.89973
unet,multitask,5,0.0144676,2.25136,3.41003
unet,multitask,5,0.015625,2.17852,3.14346
unet,multitask,5,0.0167824,1.47997,2.12513
unet,multitask,5,0.0179398,0.950236,1.7139
unet,multitask,5,0.0190972,0.875304,1.74091
unet,multitask,5,0.0202546,0.667697,1.29868
unet,multitask,5,0.021412,0.545979,1.0493
unet,multitask,5,0.0225694,0.361759,0.751006
unet,multitask,5,0.0237269,0.294331,0.563169
unet,multitask,5,0.0248843,0.248452,0.534586
unet,multitask,5,0.0260417,0.166621,0.437055
unet,multitask,5,0.0271991,0.140975,0.416558
unet,multitask,5,0.0283565,0.108438,0.366463
unet,multitask,5,0.0295139,0.0679055,0.287089
unet,multitask,5,0.0306713,0.0473607,0.249557
unet,multitask,5,0.0318287,0.0399335,0.240839
unet,multitask,5,0.0329861,0.0320181,0.203808
unet,multitask,5,0.0341435,0.0242733,0.145193
unet,multitask,5,0.0353009,0.0205055,0.120431
unet,multitask,5,0.0364583,0.0176568,0.108852
unet,multitask,5,0.0376157,0.0152511,0.107738
unet,multitask,5,0.0387731,0.0130406,0.0919734
unet,multitask,5,0.0399306,0.0118107,0.0834877
unet,multitask,5,0.041088,0.0114694,0.0845449
unet,multitask,10,0.000578704,4499.03,4008.93
unet,multitask,10,0.00173611,2144.46,1971
unet,multitask,10,0.00289352,456.994,454.787
unet,multitask,10,0.00405093,150.316,153.779
unet,multitask,10,0.00520833,54.5842,57.5762
unet,multitask,10,0.00636574,28.5665,34.7335
unet,multitask,10,0.00752315,19.3848,25.3017
unet,multitask,10,0.00868056,11.8918,14.3968
unet,multitask,10,0.00983796,8.11279,9.84337
unet,multitask,10,0.0109954,4.9014,6.78938
unet,multitask,10,0.0121528,2.96434,4.83365
unet,multitask,10,0.0133102,2.08124,3.78621
unet,multitask,10,0.0144676,1.82034,3.25598
unet,multitask,10,0.015625,1.71257,2.96328
unet,multitask,10,0.0167824,1.2165,2.00894
unet,multitask,10,0.0179398,0.780732,1.61846
unet,multitask,10,0.0190972,0.679433,1.64495
unet,multitask,10,0.0202546,0.516874,1.23426
unet,multitask,10,0.021412,0.423263,0.985973
unet,multitask,10,0.0225694,0.273108,0.710645
unet,multitask,10,0.0237269,0.218022,0.53064
unet,multitask,10,0.0248843,0.180864,0.503885
unet,multitask,10,0.0260417,0.123355,0.417581
unet,multitask,10,0.0271991,0.101123,0.392073
unet,multitask,10,0.0283565,0.0783828,0.346786
unet,multitask,10,0.0295139,0.054366,0.274749
unet,multitask,10,0.0306713,0.0399797,0.235019
unet,multitask,10,0.0318287,0.0329291,0.222397
unet,multitask,10,0.0329861,0.0276842,0.188976
unet,multitask,10,0.0341435,0.0234031,0.136185
unet,multitask,10,0.0353009,0.0209632,0.11427
unet,multitask,10,0.0364583,0.01898,0.104004
unet,multitask,10,0.0376157,0.0175439,0.103106
unet,multitask,10,0.0387731,0.0155612,0.0880634
unet,multitask,10,0.0399306,0.0146364,0.0804695
unet,multitask,10,0.041088,0.0144115,0.0816365
convlstm,ox,1,0.000578704,4376.51,3987.77
convlstm,ox,1,0.00173611,2162.5,1986.43
convlstm,ox,1,0.00289352,503.632,466.886
convlstm,ox,1,0.00405093,169.563,158.311
convlstm,ox,1,0.00520833,60.886,60.4614
convlstm,ox,1,0.00636574,33.1675,35.9067
convlstm,ox,1,0.00752315,23.5137,25.7958
convlstm,ox,1,0.00868056,14.0802,14.4973
convlstm,ox,1,0.00983796,10.1431,10.287
convlstm,ox,1,0.0109954,6.569,7.0763
convlstm,ox,1,0.0121528,4.267,4.9433
convlstm,ox,1,0.0133102,3.16538,3.88165
convlstm,ox,1,0.0144676,2.85224,3.43105
convlstm,ox,1,0.015625,2.61285,3.16119
convlstm,ox,1,0.0167824,1.71092,2.10575
convlstm,ox,1,0.0179398,1.20342,1.71076
convlstm,ox,1,0.0190972,1.16195,1.76447
convlstm,ox,1,0.0202546,0.890704,1.3122
convlstm,ox,1,0.021412,0.76301,1.06731
convlstm,ox,1,0.0225694,0.517761,0.759069
convlstm,ox,1,0.0237269,0.392623,0.571959
convlstm,ox,1,0.0248843,0.336229,0.541464
convlstm,ox,1,0.0260417,0.244693,0.44158
convlstm,ox,1,0.0271991,0.23537,0.422615
convlstm,ox,1,0.0283565,0.19127,0.370498
convlstm,ox,1,0.0295139,0.124293,0.290158
convlstm,ox,1,0.0306713,0.100447,0.252986
convlstm,ox,1,0.0318287,0.0973504,0.24503
convlstm,ox,1,0.0329861,0.0790484,0.206699
convlstm,ox,1,0.0341435,0.0519691,0.146848
convlstm,ox,1,0.0353009,0.0390959,0.12048
convlstm,ox,1,0.0364583,0.031687,0.108313
convlstm,ox,1,0.0376157,0.0278878,0.107624
convlstm,ox,1,0.0387731,0.0236206,0.0924343
convlstm,ox,1,0.0399306,0.0212028,0.0836254
convlstm,ox,1,0.041088,0.0201647,0.0848821
convlstm,ox,5,0.000578704,4320.77,3975.66
convlstm,ox,5,0.00173611,2091.07,1976.39
convlstm,ox,5,0.00289352,469.565,464.258
convlstm,ox,5,0.00405093,154.929,157.782
convlstm,ox,5,0.00520833,54.8057,59.9545
convlstm,ox,5,0.00636574,29.6847,36.0682
convlstm,ox,5,0.00752315,21.4302,26.0765
convlstm,ox,5,0.00868056,12.9384,14.7271
convlstm,ox,5,0.00983796,8.86347,10.2219
convlstm,ox,5,0.0109954,5.47354,7.0101
convlstm,ox,5,0.0121528,3.57945,4.95278
convlstm,ox,5,0.0133102,2.70182,3.89973
convlstm,ox,5,0.0144676,2.50192,3.41003
convlstm,ox,5,0.015625,2.35046,3.14346
convlstm,ox,5,0.0167824,1.55146,2.12513
convlstm,ox,5,0.0179398,1.06318,1.7139
convlstm,ox,5,0.0190972,1.04846,1.74091
convlstm,ox,5,0.0202546,0.79015,1.29868
convlstm,ox,5,0.021412,0.6826,1.0493
convlstm,ox,5,0.0225694,0.467329,0.751006
convlstm,ox,5,0.0237269,0.354963,0.563169
convlstm,ox,5,0.0248843,0.299206,0.534586
convlstm,ox,5,0.0260417,0.218537,0.437055
convlstm,ox,5,0.0271991,0.210534,0.416558
convlstm,ox,5,0.0283565,0.173699,0.366463
convlstm,ox,5,0.0295139,0.111489,0.287089
convlstm,ox,5,0.0306713,0.0893545,0.249557
convlstm,ox,5,0.0318287,0.0886243,0.240839
convlstm,ox,5,0.0329861,0.0718682,0.203808
convlstm,ox,5,0.0341435,0.0469478,0.145193
convlstm,ox,5,0.0353009,0.0354383,0.120431
convlstm,ox,5,0.0364583,0.0284524,0.108852
convlstm,ox,5,0.0376157,0.0243032,0.107738
convlstm,ox,5,0.0387731,0.0211026,0.0919734
convlstm,ox,5,0.0399306,0.0194284,0.0834877
convlstm,ox,5,0.041088,0.018326,0.0845449
convlstm,ox,10,0.000578704,4289.98,4008.93
convlstm,ox,10,0.00173611,2022.05,1971
convlstm,ox,10,0.00289352,441.655,454.787
convlstm,ox,10,0.00405093,149.582,153.779
convlstm,ox,10,0.00520833,53.162,57.5762
convlstm,ox,10,0.00636574,28.0772,34.7335
convlstm,ox,10,0.00752315,20.4188,25.3017
convlstm,ox,10,0.00868056,12.7493,14.3968
convlstm,ox,10,0.00983796,8.54059,9.84337
convlstm,ox,10,0.0109954,5.16877,6.78938
convlstm,ox,10,0.0121528,3.4091,4.83365
convlstm,ox,10,0.0133102,2.56681,3.78621
convlstm,ox,10,0.0144676,2.32354,3.25598
convlstm,ox,10,0.015625,2.10493,2.96328
convlstm,ox,10,0.0167824,1.4245,2.00894
convlstm,ox,10,0.0179398,0.984058,1.61846
convlstm,ox,10,0.0190972,0.966255,1.64495
convlstm,ox,10,0.0202546,0.717686,1.23426
convlstm,ox,10,0.021412,0.614054,0.985973
convlstm,ox,10,0.0225694,0.418159,0.710645
convlstm,ox,10,0.0237269,0.31478,0.53064
convlstm,ox,10,0.0248843,0.26737,0.503885
convlstm,ox,10,0.0260417,0.195532,0.417581
convlstm,ox,10,0.0271991,0.180081,0.392073
convlstm,ox,10,0.0283565,0.147119,0.346786
convlstm,ox,10,0.0295139,0.0978426,0.274749
convlstm,ox,10,0.0306713,0.0752783,0.235019
convlstm,ox,10,0.0318287,0.0717627,0.222397
convlstm,ox,10,0.0329861,0.058492,0.188976
convlstm,ox,10,0.0341435,0.0392335,0.136185
convlstm,ox,10,0.0353009,0.0309631,0.11427
convlstm,ox,10,0.0364583,0.0250885,0.104004
convlstm,ox,10,0.0376157,0.0215571,0.103106
convlstm,ox,10,0.0387731,0.0184774,0.0880634
convlstm,ox,10,0.0399306,0.0169287,0.0804695
convlstm,ox,10,0.041088,0.0160293,0.0816365
convlstm,species,1,0.000578704,4212.76,3987.77
convlstm,species,1,0.00173611,2093.25,1986.43
convlstm,species,1,0.00289352,489.45,466.886
convlstm,species,1,0.00405093,165.932,158.311
convlstm,species,1,0.00520833,60.6359,60.4614
convlstm,species,1,0.00636574,33.2684,35.9067
convlstm,species,1,0.00752315,23.3549,25.7958
convlstm,species,1,0.00868056,14.2669,14.4973
convlstm,species,1,0.00983796,10.4378,10.287
convlstm,species,1,0.0109954,6.88104,7.0763
convlstm,species,1,0.0121528,4.57453,4.9433
convlstm,species,1,0.0133102,3.50397,3.88165
convlstm,species,1,0.0144676,3.18488,3.43105
convlstm,species,1,0.015625,2.91138,3.16119
convlstm,species,1,0.0167824,1.93364,2.10575
convlstm,species,1,0.0179398,1.38726,1.71076
convlstm,species,1,0.0190972,1.3511,1.76447
convlstm,species,1,0.0202546,1.0539,1.3122
convlstm,species,1,0.021412,0.889954,1.06731
convlstm,species,1,0.0225694,0.61904,0.759069
convlstm,species,1,0.0237269,0.48581,0.571959
convlstm,species,1,0.0248843,0.427078,0.541464
convlstm,species,1,0.0260417,0.31652,0.44158
convlstm,species,1,0.0271991,0.302131,0.422615
convlstm,species,1,0.0283565,0.248906,0.370498
convlstm,species,1,0.0295139,0.168886,0.290158
convlstm,species,1,0.0306713,0.137321,0.252986
convlstm,species,1,0.0318287,0.134372,0.24503
convlstm,species,1,0.0329861,0.112683,0.206699
convlstm,species,1,0.0341435,0.0779005,0.146848
convlstm,species,1,0.0353009,0.0606462,0.12048
convlstm,species,1,0.0364583,0.0518097,0.108313
convlstm,species,1,0.0376157,0.0477053,0.107624
convlstm,species,1,0.0387731,0.0410854,0.0924343
convlstm,species,1,0.0399306,0.037153,0.0836254
convlstm,species,1,0.041088,0.0356958,0.0848821
convlstm,species,5,0.000578704,4307.28,3975.66
convlstm,species,5,0.00173611,2100.57,1976.39
convlstm,species,5,0.00289352,470.277,464.258
convlstm,species,5,0.00405093,153.739,157.782
convlstm,species,5,0.00520833,55.9097,59.9545
convlstm,species,5,0.00636574,31.5348,36.0682
convlstm,species,5,0.00752315,22.6897,26.0765
convlstm,species,5,0.00868056,13.774,14.7271
convlstm,species,5,0.00983796,9.70397,10.2219
convlstm,species,5,0.0109954,6.15019,7.0101
convlstm,species,5,0.0121528,4.06757,4.95278
convlstm,species,5,0.0133102,3.15236,3.89973
convlstm,species,5,0.0144676,2.89017,3.41003
convlstm,species,5,0.015625,2.67242,3.14346
convlstm,species,5,0.0167824,1.78348,2.12513
convlstm,species,5,0.0179398,1.27328,1.7139
convlstm,species,5,0.0190972,1.25772,1.74091
convlstm,species,5,0.0202546,0.973733,1.29868
convlstm,species,5,0.021412,0.82459,1.0493
convlstm,species,5,0.0225694,0.569957,0.751006
convlstm,species,5,0.0237269,0.441492,0.563169
convlstm,species,5,0.0248843,0.380519,0.534586
convlstm,species,5,0.0260417,0.285021,0.437055
convlstm,species,5,0.0271991,0.281079,0.416558
convlstm,species,5,0.0283565,0.237695,0.366463
convlstm,species,5,0.0295139,0.159188,0.287089
convlstm,species,5,0.0306713,0.130022,0.249557
convlstm,species,5,0.0318287,0.131903,0.240839
convlstm,species,5,0.0329861,0.109462,0.203808
convlstm,species,5,0.0341435,0.0762173,0.145193
convlstm,species,5,0.0353009,0.0605853,0.120431
convlstm,species,5,0.0364583,0.0512635,0.108852
convlstm,species,5,0.0376157,0.0464119,0.107738
convlstm,species,5,0.0387731,0.040806,0.0919734
convlstm,species,5,0.0399306,0.037444,0.0834877
convlstm,species,5,0.041088,0.0355238,0.0845449
convlstm,species,10,0.000578704,4394.45,4008.93
convlstm,species,10,0.00173611,2097.18,1971
convlstm,species,10,0.00289352,456.301,454.787
convlstm,species,10,0.00405093,151.044,153.779
convlstm,species,10,0.00520833,55.2261,57.5762
convlstm,species,10,0.00636574,30.7772,34.7335
convlstm,species,10,0.00752315,21.9439,25.3017
convlstm,species,10,0.00868056,13.5427,14.3968
convlstm,species,10,0.00983796,9.3753,9.84337
convlstm,species,10,0.0109954,5.94992,6.78938
convlstm,species,10,0.0121528,3.97748,4.83365
convlstm,species,10,0.0133102,3.06237,3.78621
convlstm,species,10,0.0144676,2.72318,3.25598
convlstm,species,10,0.015625,2.46235,2.96328
convlstm,species,10,0.0167824,1.67674,2.00894
convlstm,species,10,0.0179398,1.20542,1.61846
convlstm,species,10,0.0190972,1.19092,1.64495
convlstm,species,10,0.0202546,0.922996,1.23426
convlstm,species,10,0.021412,0.774906,0.985973
convlstm,species,10,0.0225694,0.532992,0.710645
convlstm,species,10,0.0237269,0.406195,0.53064
convlstm,species,10,0.0248843,0.350288,0.503885
convlstm,species,10,0.0260417,0.268216,0.417581
convlstm,species,10,0.0271991,0.251501,0.392073
convlstm,species,10,0.0283565,0.213059,0.346786
convlstm,species,10,0.0295139,0.148782,0.274749
convlstm,species,10,0.0306713,0.118735,0.235019
convlstm,species,10,0.0318287,0.117905,0.222397
convlstm,species,10,0.0329861,0.0983341,0.188976
convlstm,species,10,0.0341435,0.0703713,0.136185
convlstm,species,10,0.0353009,0.058384,0.11427
convlstm,species,10,0.0364583,0.0506508,0.104004
convlstm,species,10,0.0376157,0.0453554,0.103106
convlstm,species,10,0.0387731,0.0392449,0.0880634
convlstm,species,10,0.0399306,0.0366595,0.0804695
convlstm,species,10,0.041088,0.035218,0.0816365
convlstm,multitask,1,0.000578704,4255.29,3987.77
convlstm,multitask,1,0.00173611,2115.41,1986.43
convlstm,multitask,1,0.00289352,500.436,466.886
convlstm,multitask,1,0.00405093,172.212,158.311
convlstm,multitask,1,0.00520833,62.1866,60.4614
convlstm,multitask,1,0.00636574,33.6374,35.9067
convlstm,multitask,1,0.00752315,23.5828,25.7958
convlstm,multitask,1,0.00868056,14.3281,14.4973
convlstm,multitask,1,0.00983796,10.5304,10.287
convlstm,multitask,1,0.0109954,6.9892,7.0763
convlstm,multitask,1,0.0121528,4.57925,4.9433
convlstm,multitask,1,0.0133102,3.50636,3.88165
convlstm,multitask,1,0.0144676,3.20681,3.43105
convlstm,multitask,1,0.015625,2.94848,3.16119
convlstm,multitask,1,0.0167824,1.96142,2.10575
convlstm,multitask,1,0.0179398,1.40566,1.71076
convlstm,multitask,1,0.0190972,1.35412,1.76447
convlstm,multitask,1,0.0202546,1.06547,1.3122
convlstm,multitask,1,0.021412,0.91939,1.06731
convlstm,multitask,1,0.0225694,0.62469,0.759069
convlstm,multitask,1,0.0237269,0.47942,0.571959
convlstm,multitask,1,0.0248843,0.426078,0.541464
convlstm,multitask,1,0.0260417,0.310676,0.44158
convlstm,multitask,1,0.0271991,0.296364,0.422615
convlstm,multitask,1,0.0283565,0.24237,0.370498
convlstm,multitask,1,0.0295139,0.1612,0.290158
convlstm,multitask,1,0.0306713,0.13222,0.252986
convlstm,multitask,1,0.0318287,0.129254,0.24503
convlstm,multitask,1,0.0329861,0.106745,0.206699
convlstm,multitask,1,0.0341435,0.0733095,0.146848
convlstm,multitask,1,0.0353009,0.0577527,0.12048
convlstm,multitask,1,0.0364583,0.0489879,0.108313
convlstm,multitask,1,0.0376157,0.0442987,0.107624
convlstm,multitask,1,0.0387731,0.0379541,0.0924343
convlstm,multitask,1,0.0399306,0.0339618,0.0836254
convlstm,multitask,1,0.041088,0.0322744,0.0848821
convlstm,multitask,5,0.000578704,4300.87,3975.66
convlstm,multitask,5,0.00173611,2102.82,1976.39
convlstm,multitask,5,0.00289352,476.423,464.258
convlstm,multitask,5,0.00405093,159.234,157.782
convlstm,multitask,5,0.00520833,56.5966,59.9545
convlstm,multitask,5,0.00636574,30.5326,36.0682
convlstm,multitask,5,0.00752315,21.7986,26.0765
convlstm,multitask,5,0.00868056,13.4443,14.7271
convlstm,multitask,5,0.00983796,9.60019,10.2219
convlstm,multitask,5,0.0109954,6.12608,7.0101
convlstm,multitask,5,0.0121528,3.98087,4.95278
convlstm,multitask,5,0.0133102,3.04244,3.89973
convlstm,multitask,5,0.0144676,2.83587,3.41003
convlstm,multitask,5,0.015625,2.65297,3.14346
convlstm,multitask,5,0.0167824,1.7657,2.12513
convlstm,multitask,5,0.0179398,1.25719,1.7139
convlstm,multitask,5,0.0190972,1.24868,1.74091
convlstm,multitask,5,0.0202546,0.981059,1.29868
convlstm,multitask,5,0.021412,0.837848,1.0493
convlstm,multitask,5,0.0225694,0.576637,0.751006
convlstm,multitask,5,0.0237269,0.438914,0.563169
convlstm,multitask,5,0.0248843,0.383783,0.534586
convlstm,multitask,5,0.0260417,0.286871,0.437055
convlstm,multitask,5,0.0271991,0.282657,0.416558
convlstm,multitask,5,0.0283565,0.235553,0.366463
convlstm,multitask,5,0.0295139,0.155245,0.287089
convlstm,multitask,5,0.0306713,0.128437,0.249557
convlstm,multitask,5,0.0318287,0.131162,0.240839
convlstm,multitask,5,0.0329861,0.107079,0.203808
convlstm,multitask,5,0.0341435,0.0725275,0.145193
convlstm,multitask,5,0.0353009,0.058103,0.120431
convlstm,multitask,5,0.0364583,0.0498517,0.108852
convlstm,multitask,5,0.0376157,0.0443589,0.107738
convlstm,multitask,5,0.0387731,0.0383837,0.0919734
convlstm,multitask,5,0.0399306,0.0349927,0.0834877
convlstm,multitask,5,0.041088,0.0331193,0.0845449
convlstm,multitask,10,0.000578704,4391.01,4008.93
convlstm,multitask,10,0.00173611,2100.62,1971
convlstm,multitask,10,0.00289352,453.503,454.787
convlstm,multitask,10,0.00405093,151.318,153.779
convlstm,multitask,10,0.00520833,55.5838,57.5762
convlstm,multitask,10,0.00636574,29.9023,34.7335
convlstm,multitask,10,0.00752315,21.4948,25.3017
convlstm,multitask,10,0.00868056,13.5155,14.3968
convlstm,multitask,10,0.00983796,9.41709,9.84337
convlstm,multitask,10,0.0109954,5.89917,6.78938
convlstm,multitask,10,0.0121528,3.87952,4.83365
convlstm,multitask,10,0.0133102,2.94308,3.78621
convlstm,multitask,10,0.0144676,2.62972,3.25598
convlstm,multitask,10,0.015625,2.41004,2.96328
convlstm,multitask,10,0.0167824,1.64109,2.00894
convlstm,multitask,10,0.0179398,1.20154,1.61846
convlstm,multitask,10,0.0190972,1.19414,1.64495
convlstm,multitask,10,0.0202546,0.926268,1.23426
convlstm,multitask,10,0.021412,0.777416,0.985973
convlstm,multitask,10,0.0225694,0.527998,0.710645
convlstm,multitask,10,0.0237269,0.395218,0.53064
convlstm,multitask,10,0.0248843,0.34567,0.503885
convlstm,multitask,10,0.0260417,0.26761,0.417581
convlstm,multitask,10,0.0271991,0.254075,0.392073
convlstm,multitask,10,0.0283565,0.213209,0.346786
convlstm,multitask,10,0.0295139,0.145721,0.274749
convlstm,multitask,10,0.0306713,0.115404,0.235019
convlstm,multitask,10,0.0318287,0.114824,0.222397
convlstm,multitask,10,0.0329861,0.0948979,0.188976
convlstm,multitask,10,0.0341435,0.0669508,0.136185
convlstm,multitask,10,0.0353009,0.0551353,0.11427
convlstm,multitask,10,0.0364583,0.0476818,0.104004
convlstm,multitask,10,0.0376157,0.042645,0.103106
convlstm,multitask,10,0.0387731,0.0370365,0.0880634
convlstm,multitask,10,0.0399306,0.0343093,0.0804695
convlstm,multitask,10,0.041088,0.0322217,0.0816365
fno,ox,1,0.000578704,4531.2,3987.77
fno,ox,1,0.00173611,2217.53,1986.43
fno,ox,1,0.00289352,504.944,466.886
fno,ox,1,0.00405093,165.886,158.311
fno,ox,1,0.00520833,57.5283,60.4614
fno,ox,1,0.00636574,30.6696,35.9067
fno,ox,1,0.00752315,22.9615,25.7958
fno,ox,1,0.00868056,14.4697,14.4973
fno,ox,1,0.00983796,10.5744,10.287
fno,ox,1,0.0109954,7.13666,7.0763
fno,ox,1,0.0121528,4.86424,4.9433
fno,ox,1,0.0133102,3.71657,3.88165
fno,ox,1,0.0144676,3.31182,3.43105
fno,ox,1,0.015625,2.98567,3.16119
fno,ox,1,0.0167824,2.0557,2.10575
fno,ox,1,0.0179398,1.50393,1.71076
fno,ox,1,0.0190972,1.42532,1.76447
fno,ox,1,0.0202546,1.12607,1.3122
fno,ox,1,0.021412,1.00048,1.06731
fno,ox,1,0.0225694,0.742462,0.759069
fno,ox,1,0.0237269,0.592526,0.571959
fno,ox,1,0.0248843,0.517589,0.541464
fno,ox,1,0.0260417,0.403458,0.44158
fno,ox,1,0.0271991,0.386405,0.422615
fno,ox,1,0.0283565,0.336261,0.370498
fno,ox,1,0.0295139,0.263076,0.290158
fno,ox,1,0.0306713,0.223366,0.252986
fno,ox,1,0.0318287,0.215093,0.24503
fno,ox,1,0.0329861,0.189381,0.206699
fno,ox,1,0.0341435,0.148057,0.146848
fno,ox,1,0.0353009,0.126156,0.12048
fno,ox,1,0.0364583,0.111171,0.108313
fno,ox,1,0.0376157,0.108945,0.107624
fno,ox,1,0.0387731,0.0995998,0.0924343
fno,ox,1,0.0399306,0.0906826,0.0836254
fno,ox,1,0.041088,0.0892598,0.0848821
fno,ox,5,0.000578704,4840.77,3975.66
fno,ox,5,0.00173611,2349.24,1976.39
fno,ox,5,0.00289352,499.681,464.258
fno,ox,5,0.00405093,146.477,157.782
fno,ox,5,0.00520833,44.7638,59.9545
fno,ox,5,0.00636574,23.2579,36.0682
fno,ox,5,0.00752315,17.0058,26.0765
fno,ox,5,0.00868056,9.58534,14.7271
fno,ox,5,0.00983796,6.17128,10.2219
fno,ox,5,0.0109954,3.81397,7.0101
fno,ox,5,0.0121528,2.41592,4.95278
fno,ox,5,0.0133102,1.79053,3.89973
fno,ox,5,0.0144676,1.59181,3.41003
fno,ox,5,0.015625,1.54351,3.14346
fno,ox,5,0.0167824,1.13088,2.12513
fno,ox,5,0.0179398,0.740908,1.7139
fno,ox,5,0.0190972,0.678432,1.74091
fno,ox,5,0.0202546,0.541928,1.29868
fno,ox,5,0.021412,0.480579,1.0493
fno,ox,5,0.0225694,0.346947,0.751006
fno,ox,5,0.0237269,0.282392,0.563169
fno,ox,5,0.0248843,0.248436,0.534586
fno,ox,5,0.0260417,0.188956,0.437055
fno,ox,5,0.0271991,0.167932,0.416558
fno,ox,5,0.0283565,0.14418,0.366463
fno,ox,5,0.0295139,0.109547,0.287089
fno,ox,5,0.0306713,0.0895181,0.249557
fno,ox,5,0.0318287,0.0835352,0.240839
fno,ox,5,0.0329861,0.0742219,0.203808
fno,ox,5,0.0341435,0.0584106,0.145193
fno,ox,5,0.0353009,0.0507462,0.120431
fno,ox,5,0.0364583,0.0462566,0.108852
fno,ox,5,0.0376157,0.0436991,0.107738
fno,ox,5,0.0387731,0.0390453,0.0919734
fno,ox,5,0.0399306,0.035946,0.0834877
fno,ox,5,0.041088,0.0351941,0.0845449
fno,ox,10,0.000578704,4733.12,4008.93
fno,ox,10,0.00173611,2272.81,1971
fno,ox,10,0.00289352,473.49,454.787
fno,ox,10,0.00405093,138.439,153.779
fno,ox,10,0.00520833,41.8832,57.5762
fno,ox,10,0.00636574,19.2922,34.7335
fno,ox,10,0.00752315,13.1189,25.3017
fno,ox,10,0.00868056,7.42072,14.3968
fno,ox,10,0.00983796,4.61611,9.84337
fno,ox,10,0.0109954,2.809,6.78938
fno,ox,10,0.0121528,1.7594,4.83365
fno,ox,10,0.0133102,1.29899,3.78621
fno,ox,10,0.0144676,1.07771,3.25598
fno,ox,10,0.015625,0.990298,2.96328
fno,ox,10,0.0167824,0.755856,2.00894
fno,ox,10,0.0179398,0.503099,1.61846
fno,ox,10,0.0190972,0.444015,1.64495
fno,ox,10,0.0202546,0.364682,1.23426
fno,ox,10,0.021412,0.313444,0.985973
fno,ox,10,0.0225694,0.229262,0.710645
fno,ox,10,0.0237269,0.192583,0.53064
fno,ox,10,0.0248843,0.166099,0.503885
fno,ox,10,0.0260417,0.12776,0.417581
fno,ox,10,0.0271991,0.104788,0.392073
fno,ox,10,0.0283565,0.087824,0.346786
fno,ox,10,0.0295139,0.0713805,0.274749
fno,ox,10,0.0306713,0.058002,0.235019
fno,ox,10,0.0318287,0.0516619,0.222397
fno,ox,10,0.0329861,0.047501,0.188976
fno,ox,10,0.0341435,0.0402219,0.136185
fno,ox,10,0.0353009,0.0353421,0.11427
fno,ox,10,0.0364583,0.0333645,0.104004
fno,ox,10,0.0376157,0.0320666,0.103106
fno,ox,10,0.0387731,0.0285301,0.0880634
fno,ox,10,0.0399306,0.0267934,0.0804695
fno,ox,10,0.041088,0.0263197,0.0816365
fno,species,1,0.000578704,4440.28,3987.77
fno,species,1,0.00173611,2171.88,1986.43
fno,species,1,0.00289352,494.026,466.886
fno,species,1,0.00405093,162.199,158.311
fno,species,1,0.00520833,55.1744,60.4614
fno,species,1,0.00636574,29.5849,35.9067
fno,species,1,0.00752315,22.3151,25.7958
fno,species,1,0.00868056,13.8624,14.4973
fno,species,1,0.00983796,10.1543,10.287
fno,species,1,0.0109954,6.81144,7.0763
fno,species,1,0.0121528,4.50798,4.9433
fno,species,1,0.0133102,3.48605,3.88165
fno,species,1,0.0144676,3.17354,3.43105
fno,species,1,0.015625,2.90574,3.16119
fno,species,1,0.0167824,2.02826,2.10575
fno,species,1,0.0179398,1.43995,1.71076
fno,species,1,0.0190972,1.35857,1.76447
fno,species,1,0.0202546,1.09126,1.3122
fno,species,1,0.021412,0.983515,1.06731
fno,species,1,0.0225694,0.72184,0.759069
fno,species,1,0.0237269,0.573303,0.571959
fno,species,1,0.0248843,0.50104,0.541464
fno,species,1,0.0260417,0.383677,0.44158
fno,species,1,0.0271991,0.367597,0.422615
fno,species,1,0.0283565,0.320796,0.370498
fno,species,1,0.0295139,0.248912,0.290158
fno,species,1,0.0306713,0.210426,0.252986
fno,species,1,0.0318287,0.204484,0.24503
fno,species,1,0.0329861,0.177168,0.206699
fno,species,1,0.0341435,0.135261,0.146848
fno,species,1,0.0353009,0.114393,0.12048
fno,species,1,0.0364583,0.101008,0.108313
fno,species,1,0.0376157,0.098344,0.107624
fno,species,1,0.0387731,0.0885205,0.0924343
fno,species,1,0.0399306,0.0804612,0.0836254
fno,species,1,0.041088,0.0801095,0.0848821
fno,species,5,0.000578704,4445.71,3975.66
fno,species,5,0.00173611,2168.03,1976.39
fno,species,5,0.00289352,465.892,464.258
fno,species,5,0.00405093,136.306,157.782
fno,species,5,0.00520833,42.763,59.9545
fno,species,5,0.00636574,23.4795,36.0682
fno,species,5,0.00752315,17.7385,26.0765
fno,species,5,0.00868056,10.2368,14.7271
fno,species,5,0.00983796,6.59993,10.2219
fno,species,5,0.0109954,4.00376,7.0101
fno,species,5,0.0121528,2.522,4.95278
fno,species,5,0.0133102,1.94998,3.89973
fno,species,5,0.0144676,1.76885,3.41003
fno,species,5,0.015625,1.73266,3.14346
fno,species,5,0.0167824,1.28862,2.12513
fno,species,5,0.0179398,0.816464,1.7139
fno,species,5,0.0190972,0.707237,1.74091
fno,species,5,0.0202546,0.564921,1.29868
fno,species,5,0.021412,0.512066,1.0493
fno,species,5,0.0225694,0.378004,0.751006
fno,species,5,0.0237269,0.311335,0.563169
fno,species,5,0.0248843,0.267847,0.534586
fno,species,5,0.0260417,0.206985,0.437055
fno,species,5,0.0271991,0.183363,0.416558
fno,species,5,0.0283565,0.156152,0.366463
fno,species,5,0.0295139,0.118975,0.287089
fno,species,5,0.0306713,0.0951945,0.249557
fno,species,5,0.0318287,0.0909821,0.240839
fno,species,5,0.0329861,0.0819444,0.203808
fno,species,5,0.0341435,0.062913,0.145193
fno,species,5,0.0353009,0.0538535,0.120431
fno,species,5,0.0364583,0.0499245,0.108852
fno,species,5,0.0376157,0.0474037,0.107738
fno,species,5,0.0387731,0.0424981,0.0919734
fno,species,5,0.0399306,0.0389471,0.0834877
fno,species,5,0.041088,0.0381234,0.0845449
fno,species,10,0.000578704,4489,4008.93
fno,species,10,0.00173611,2173.62,1971
fno,species,10,0.00289352,464.873,454.787
fno,species,10,0.00405093,138.785,153.779
fno,species,10,0.00520833,43.1629,57.5762
fno,species,10,0.00636574,21.3531,34.7335
fno,species,10,0.00752315,14.9449,25.3017
fno,species,10,0.00868056,8.59103,14.3968
fno,species,10,0.00983796,5.37249,9.84337
fno,species,10,0.0109954,3.2965,6.78938
fno,species,10,0.0121528,2.15793,4.83365
fno,species,10,0.0133102,1.65797,3.78621
fno,species,10,0.0144676,1.35877,3.25598
fno,species,10,0.015625,1.27527,2.96328
fno,species,10,0.0167824,0.998942,2.00894
fno,species,10,0.0179398,0.65138,1.61846
fno,species,10,0.0190972,0.527569,1.64495
fno,species,10,0.0202546,0.440322,1.23426
fno,species,10,0.021412,0.404755,0.985973
fno,species,10,0.0225694,0.296448,0.710645
fno,species,10,0.0237269,0.253035,0.53064
fno,species,10,0.0248843,0.21687,0.503885
fno,species,10,0.0260417,0.170112,0.417581
fno,species,10,0.0271991,0.139386,0.392073
fno,species,10,0.0283565,0.112141,0.346786
fno,species,10,0.0295139,0.0940786,0.274749
fno,species,10,0.0306713,0.0764223,0.235019
fno,species,10,0.0318287,0.0688556,0.222397
fno,species,10,0.0329861,0.0636924,0.188976
fno,species,10,0.0341435,0.0531374,0.136185
fno,species,10,0.0353009,0.0472688,0.11427
fno,species,10,0.0364583,0.0442039,0.104004
fno,species,10,0.0376157,0.0413923,0.103106
fno,species,10,0.0387731,0.0368236,0.0880634
fno,species,10,0.0399306,0.0342848,0.0804695
fno,species,10,0.041088,0.0339126,0.0816365
fno,multitask,1,0.000578704,4625.7,3987.77
fno,multitask,1,0.00173611,2269.05,1986.43
fno,multitask,1,0.00289352,517.692,466.886
fno,multitask,1,0.00405093,168.455,158.311
fno,multitask,1,0.00520833,57.2148,60.4614
fno,multitask,1,0.00636574,30.4559,35.9067
fno,multitask,1,0.00752315,23.1213,25.7958
fno,multitask,1,0.00868056,14.5663,14.4973
fno,multitask,1,0.00983796,10.6261,10.287
fno,multitask,1,0.0109954,7.08178,7.0763
fno,multitask,1,0.0121528,4.70192,4.9433
fno,multitask,1,0.0133102,3.59614,3.88165
fno,multitask,1,0.0144676,3.2549,3.43105
fno,multitask,1,0.015625,2.97496,3.16119
fno,multitask,1,0.0167824,2.06831,2.10575
fno,multitask,1,0.0179398,1.49566,1.71076
fno,multitask,1,0.0190972,1.41448,1.76447
fno,multitask,1,0.0202546,1.11836,1.3122
fno,multitask,1,0.021412,1.00927,1.06731
fno,multitask,1,0.0225694,0.744635,0.759069
fno,multitask,1,0.0237269,0.585142,0.571959
fno,multitask,1,0.0248843,0.514579,0.541464
fno,multitask,1,0.0260417,0.397505,0.44158
fno,multitask,1,0.0271991,0.378969,0.422615
fno,multitask,1,0.0283565,0.330895,0.370498
fno,multitask,1,0.0295139,0.258543,0.290158
fno,multitask,1,0.0306713,0.219305,0.252986
fno,multitask,1,0.0318287,0.212657,0.24503
fno,multitask,1,0.0329861,0.184743,0.206699
fno,multitask,1,0.0341435,0.141914,0.146848
fno,multitask,1,0.0353009,0.120905,0.12048
fno,multitask,1,0.0364583,0.106591,0.108313
fno,multitask,1,0.0376157,0.103459,0.107624
fno,multitask,1,0.0387731,0.093356,0.0924343
fno,multitask,1,0.0399306,0.0850914,0.0836254
fno,multitask,1,0.041088,0.0846975,0.0848821
fno,multitask,5,0.000578704,5028.17,3975.66
fno,multitask,5,0.00173611,2462.35,1976.39
fno,multitask,5,0.00289352,533.731,464.258
fno,multitask,5,0.00405093,155.88,157.782
fno,multitask,5,0.00520833,48.2016,59.9545
fno,multitask,5,0.00636574,25.4271,36.0682
fno,multitask,5,0.00752315,18.5722,26.0765
fno,multitask,5,0.00868056,10.6439,14.7271
fno,multitask,5,0.00983796,6.92069,10.2219
fno,multitask,5,0.0109954,4.22722,7.0101
fno,multitask,5,0.0121528,2.6341,4.95278
fno,multitask,5,0.0133102,1.93221,3.89973
fno,multitask,5,0.0144676,1.75938,3.41003
fno,multitask,5,0.015625,1.73759,3.14346
fno,multitask,5,0.0167824,1.29594,2.12513
fno,multitask,5,0.0179398,0.822837,1.7139
fno,multitask,5,0.0190972,0.710541,1.74091
fno,multitask,5,0.0202546,0.555307,1.29868
fno,multitask,5,0.021412,0.508348,1.0493
fno,multitask,5,0.0225694,0.374982,0.751006
fno,multitask,5,0.0237269,0.299664,0.563169
fno,multitask,5,0.0248843,0.258934,0.534586
fno,multitask,5,0.0260417,0.200574,0.437055
fno,multitask,5,0.0271991,0.177817,0.416558
fno,multitask,5,0.0283565,0.154116,0.366463
fno,multitask,5,0.0295139,0.115833,0.287089
fno,multitask,5,0.0306713,0.0923979,0.249557
fno,multitask,5,0.0318287,0.0889295,0.240839
fno,multitask,5,0.0329861,0.0795298,0.203808
fno,multitask,5,0.0341435,0.0611423,0.145193
fno,multitask,5,0.0353009,0.052734,0.120431
fno,multitask,5,0.0364583,0.0487684,0.108852
fno,multitask,5,0.0376157,0.0458306,0.107738
fno,multitask,5,0.0387731,0.0407451,0.0919734
fno,multitask,5,0.0399306,0.0375214,0.0834877
fno,multitask,5,0.041088,0.0368797,0.0845449
fno,multitask,10,0.000578704,5125.51,4008.93
fno,multitask,10,0.00173611,2494.53,1971
fno,multitask,10,0.00289352,534.424,454.787
fno,multitask,10,0.00405093,158.36,153.779
fno,multitask,10,0.00520833,48.0463,57.5762
fno,multitask,10,0.00636574,22.9849,34.7335
fno,multitask,10,0.00752315,16.4036,25.3017
fno,multitask,10,0.00868056,9.47598,14.3968
fno,multitask,10,0.00983796,5.88819,9.84337
fno,multitask,10,0.0109954,3.58093,6.78938
fno,multitask,10,0.0121528,2.27868,4.83365
fno,multitask,10,0.0133102,1.67391,3.78621
fno,multitask,10,0.0144676,1.37678,3.25598
fno,multitask,10,0.015625,1.30249,2.96328
fno,multitask,10,0.0167824,1.0057,2.00894
fno,multitask,10,0.0179398,0.639363,1.61846
fno,multitask,10,0.0190972,0.525766,1.64495
fno,multitask,10,0.0202546,0.43284,1.23426
fno,multitask,10,0.021412,0.391514,0.985973
fno,multitask,10,0.0225694,0.288966,0.710645
fno,multitask,10,0.0237269,0.243302,0.53064
fno,multitask,10,0.0248843,0.210844,0.503885
fno,multitask,10,0.0260417,0.163502,0.417581
fno,multitask,10,0.0271991,0.135364,0.392073
fno,multitask,10,0.0283565,0.111575,0.346786
fno,multitask,10,0.0295139,0.0908306,0.274749
fno,multitask,10,0.0306713,0.0736199,0.235019
fno,multitask,10,0.0318287,0.0668865,0.222397
fno,multitask,10,0.0329861,0.061228,0.188976
fno,multitask,10,0.0341435,0.0516294,0.136185
fno,multitask,10,0.0353009,0.046453,0.11427
fno,multitask,10,0.0364583,0.0432607,0.104004
fno,multitask,10,0.0376157,0.0403341,0.103106
fno,multitask,10,0.0387731,0.0357319,0.0880634
fno,multitask,10,0.0399306,0.033345,0.0804695
fno,multitask,10,0.041088,0.0330769,0.0816365
swin,ox,1,0.000578704,4354.08,3987.77
swin,ox,1,0.00173611,2174.7,1986.43
swin,ox,1,0.00289352,520.083,466.886
swin,ox,1,0.00405093,180.216,158.311
swin,ox,1,0.00520833,66.3993,60.4614
swin,ox,1,0.00636574,36.5868,35.9067
swin,ox,1,0.00752315,26.8425,25.7958
swin,ox,1,0.00868056,16.2631,14.4973
swin,ox,1,0.00983796,11.5895,10.287
swin,ox,1,0.0109954,7.81209,7.0763
swin,ox,1,0.0121528,5.32627,4.9433
swin,ox,1,0.0133102,4.01634,3.88165
swin,ox,1,0.0144676,3.539,3.43105
swin,ox,1,0.015625,3.25423,3.16119
swin,ox,1,0.0167824,2.24602,2.10575
swin,ox,1,0.0179398,1.63429,1.71076
swin,ox,1,0.0190972,1.5206,1.76447
swin,ox,1,0.0202546,1.189,1.3122
swin,ox,1,0.021412,1.05399,1.06731
swin,ox,1,0.0225694,0.786661,0.759069
swin,ox,1,0.0237269,0.611896,0.571959
swin,ox,1,0.0248843,0.522359,0.541464
swin,ox,1,0.0260417,0.398594,0.44158
swin,ox,1,0.0271991,0.386802,0.422615
swin,ox,1,0.0283565,0.326842,0.370498
swin,ox,1,0.0295139,0.248632,0.290158
swin,ox,1,0.0306713,0.219421,0.252986
swin,ox,1,0.0318287,0.210362,0.24503
swin,ox,1,0.0329861,0.180685,0.206699
swin,ox,1,0.0341435,0.145053,0.146848
swin,ox,1,0.0353009,0.124446,0.12048
swin,ox,1,0.0364583,0.109388,0.108313
swin,ox,1,0.0376157,0.107177,0.107624
swin,ox,1,0.0387731,0.0950799,0.0924343
swin,ox,1,0.0399306,0.0884921,0.0836254
swin,ox,1,0.041088,0.0889964,0.0848821
swin,ox,5,0.000578704,4335.39,3975.66
swin,ox,5,0.00173611,2150.43,1976.39
swin,ox,5,0.00289352,496.407,464.258
swin,ox,5,0.00405093,167.328,157.782
swin,ox,5,0.00520833,56.6176,59.9545
swin,ox,5,0.00636574,30.1253,36.0682
swin,ox,5,0.00752315,21.92,26.0765
swin,ox,5,0.00868056,12.9686,14.7271
swin,ox,5,0.00983796,8.68357,10.2219
swin,ox,5,0.0109954,5.33849,7.0101
swin,ox,5,0.0121528,3.31324,4.95278
swin,ox,5,0.0133102,2.34648,3.89973
swin,ox,5,0.0144676,2.13247,3.41003
swin,ox,5,0.015625,2.12367,3.14346
swin,ox,5,0.0167824,1.51711,2.12513
swin,ox,5,0.0179398,0.974805,1.7139
swin,ox,5,0.0190972,0.940459,1.74091
swin,ox,5,0.0202546,0.722949,1.29868
swin,ox,5,0.021412,0.609281,1.0493
swin,ox,5,0.0225694,0.432788,0.751006
swin,ox,5,0.0237269,0.351051,0.563169
swin,ox,5,0.0248843,0.286119,0.534586
swin,ox,5,0.0260417,0.201422,0.437055
swin,ox,5,0.0271991,0.17745,0.416558
swin,ox,5,0.0283565,0.14493,0.366463
swin,ox,5,0.0295139,0.106059,0.287089
swin,ox,5,0.0306713,0.0863772,0.249557
swin,ox,5,0.0318287,0.0803165,0.240839
swin,ox,5,0.0329861,0.0708238,0.203808
swin,ox,5,0.0341435,0.0586016,0.145193
swin,ox,5,0.0353009,0.052907,0.120431
swin,ox,5,0.0364583,0.0484369,0.108852
swin,ox,5,0.0376157,0.049068,0.107738
swin,ox,5,0.0387731,0.0441241,0.0919734
swin,ox,5,0.0399306,0.0419722,0.0834877
swin,ox,5,0.041088,0.0383329,0.0845449
swin,ox,10,0.000578704,4328.93,4008.93
swin,ox,10,0.00173611,2107.9,1971
swin,ox,10,0.00289352,467.619,454.787
swin,ox,10,0.00405093,152.304,153.779
swin,ox,10,0.00520833,52.2787,57.5762
swin,ox,10,0.00636574,28.0168,34.7335
swin,ox,10,0.00752315,19.9671,25.3017
swin,ox,10,0.00868056,11.8288,14.3968
swin,ox,10,0.00983796,7.55986,9.84337
swin,ox,10,0.0109954,4.50401,6.78938
swin,ox,10,0.0121528,2.93276,4.83365
swin,ox,10,0.0133102,2.11013,3.78621
swin,ox,10,0.0144676,1.78598,3.25598
swin,ox,10,0.015625,1.6734,2.96328
swin,ox,10,0.0167824,1.22432,2.00894
swin,ox,10,0.0179398,0.789637,1.61846
swin,ox,10,0.0190972,0.727122,1.64495
swin,ox,10,0.0202546,0.563649,1.23426
swin,ox,10,0.021412,0.463292,0.985973
swin,ox,10,0.0225694,0.333436,0.710645
swin,ox,10,0.0237269,0.281514,0.53064
swin,ox,10,0.0248843,0.225092,0.503885
swin,ox,10,0.0260417,0.1629,0.417581
swin,ox,10,0.0271991,0.138545,0.392073
swin,ox,10,0.0283565,0.112051,0.346786
swin,ox,10,0.0295139,0.0874667,0.274749
swin,ox,10,0.0306713,0.0735916,0.235019
swin,ox,10,0.0318287,0.0676996,0.222397
swin,ox,10,0.0329861,0.0612166,0.188976
swin,ox,10,0.0341435,0.0544773,0.136185
swin,ox,10,0.0353009,0.0521846,0.11427
swin,ox,10,0.0364583,0.0486876,0.104004
swin,ox,10,0.0376157,0.0488336,0.103106
swin,ox,10,0.0387731,0.0438504,0.0880634
swin,ox,10,0.0399306,0.0407664,0.0804695
swin,ox,10,0.041088,0.038393,0.0816365
swin,species,1,0.000578704,4334.5,3987.77
swin,species,1,0.00173611,2151.92,1986.43
swin,species,1,0.00289352,502.662,466.886
swin,species,1,0.00405093,171.93,158.311
swin,species,1,0.00520833,63.6608,60.4614
swin,species,1,0.00636574,35.4383,35.9067
swin,species,1,0.00752315,25.6457,25.7958
swin,species,1,0.00868056,15.7821,14.4973
swin,species,1,0.00983796,11.5739,10.287
swin,species,1,0.0109954,7.80916,7.0763
swin,species,1,0.0121528,5.23534,4.9433
swin,species,1,0.0133102,3.87827,3.88165
swin,species,1,0.0144676,3.37483,3.43105
swin,species,1,0.015625,3.09329,3.16119
swin,species,1,0.0167824,2.20036,2.10575
swin,species,1,0.0179398,1.5909,1.71076
swin,species,1,0.0190972,1.47293,1.76447
swin,species,1,0.0202546,1.1627,1.3122
swin,species,1,0.021412,1.03583,1.06731
swin,species,1,0.0225694,0.772375,0.759069
swin,species,1,0.0237269,0.611962,0.571959
swin,species,1,0.0248843,0.533682,0.541464
swin,species,1,0.0260417,0.409022,0.44158
swin,species,1,0.0271991,0.390656,0.422615
swin,species,1,0.0283565,0.34167,0.370498
swin,species,1,0.0295139,0.269902,0.290158
swin,species,1,0.0306713,0.236487,0.252986
swin,species,1,0.0318287,0.225648,0.24503
swin,species,1,0.0329861,0.201087,0.206699
swin,species,1,0.0341435,0.169798,0.146848
swin,species,1,0.0353009,0.148465,0.12048
swin,species,1,0.0364583,0.133225,0.108313
swin,species,1,0.0376157,0.129969,0.107624
swin,species,1,0.0387731,0.116122,0.0924343
swin,species,1,0.0399306,0.109116,0.0836254
swin,species,1,0.041088,0.110291,0.0848821
swin,species,5,0.000578704,4290.19,3975.66
swin,species,5,0.00173611,2108.4,1976.39
swin,species,5,0.00289352,470.74,464.258
swin,species,5,0.00405093,150.385,157.782
swin,species,5,0.00520833,52.4689,59.9545
swin,species,5,0.00636574,29.6055,36.0682
swin,species,5,0.00752315,21.2578,26.0765
swin,species,5,0.00868056,12.4519,14.7271
swin,species,5,0.00983796,8.76244,10.2219
swin,species,5,0.0109954,5.68622,7.0101
swin,species,5,0.0121528,3.53972,4.95278
swin,species,5,0.0133102,2.44692,3.89973
swin,species,5,0.0144676,2.21331,3.41003
swin,species,5,0.015625,2.18941,3.14346
swin,species,5,0.0167824,1.56983,2.12513
swin,species,5,0.0179398,1.03788,1.7139
swin,species,5,0.0190972,0.965878,1.74091
swin,species,5,0.0202546,0.763276,1.29868
swin,species,5,0.021412,0.662665,1.0493
swin,species,5,0.0225694,0.462482,0.751006
swin,species,5,0.0237269,0.372683,0.563169
swin,species,5,0.0248843,0.328241,0.534586
swin,species,5,0.0260417,0.242784,0.437055
swin,species,5,0.0271991,0.210275,0.416558
swin,species,5,0.0283565,0.174679,0.366463
swin,species,5,0.0295139,0.136851,0.287089
swin,species,5,0.0306713,0.113381,0.249557
swin,species,5,0.0318287,0.104018,0.240839
swin,species,5,0.0329861,0.0945824,0.203808
swin,species,5,0.0341435,0.0834289,0.145193
swin,species,5,0.0353009,0.0761181,0.120431
swin,species,5,0.0364583,0.0714075,0.108852
swin,species,5,0.0376157,0.0697546,0.107738
swin,species,5,0.0387731,0.0602154,0.0919734
swin,species,5,0.0399306,0.0561929,0.0834877
swin,species,5,0.041088,0.053252,0.0845449
swin,species,10,0.000578704,4338.98,4008.93
swin,species,10,0.00173611,2083.76,1971
swin,species,10,0.00289352,444.44,454.787
swin,species,10,0.00405093,145.823,153.779
swin,species,10,0.00520833,52.9596,57.5762
swin,species,10,0.00636574,28.9769,34.7335
swin,species,10,0.00752315,20.4245,25.3017
swin,species,10,0.00868056,12.5299,14.3968
swin,species,10,0.00983796,8.6074,9.84337
swin,species,10,0.0109954,5.37446,6.78938
swin,species,10,0.0121528,3.36181,4.83365
swin,species,10,0.0133102,2.4451,3.78621
swin,species,10,0.0144676,2.13234,3.25598
swin,species,10,0.015625,2.01738,2.96328
swin,species,10,0.0167824,1.45958,2.00894
swin,species,10,0.0179398,0.979158,1.61846
swin,species,10,0.0190972,0.901502,1.64495
swin,species,10,0.0202546,0.739282,1.23426
swin,species,10,0.021412,0.618132,0.985973
swin,species,10,0.0225694,0.44466,0.710645
swin,species,10,0.0237269,0.385486,0.53064
swin,species,10,0.0248843,0.324394,0.503885
swin,species,10,0.0260417,0.244757,0.417581
swin,species,10,0.0271991,0.206493,0.392073
swin,species,10,0.0283565,0.168097,0.346786
swin,species,10,0.0295139,0.140557,0.274749
swin,species,10,0.0306713,0.118664,0.235019
swin,species,10,0.0318287,0.108264,0.222397
swin,species,10,0.0329861,0.10098,0.188976
swin,species,10,0.0341435,0.0904648,0.136185
swin,species,10,0.0353009,0.084307,0.11427
swin,species,10,0.0364583,0.0800092,0.104004
swin,species,10,0.0376157,0.0795607,0.103106
swin,species,10,0.0387731,0.0693636,0.0880634
swin,species,10,0.0399306,0.0644116,0.0804695
swin,species,10,0.041088,0.0614817,0.0816365
swin,multitask,1,0.000578704,4186.18,3987.77
swin,multitask,1,0.00173611,2067.63,1986.43
swin,multitask,1,0.00289352,488.274,466.886
swin,multitask,1,0.00405093,169.312,158.311
swin,multitask,1,0.00520833,63.4701,60.4614
swin,multitask,1,0.00636574,34.6903,35.9067
swin,multitask,1,0.00752315,24.4579,25.7958
swin,multitask,1,0.00868056,15.1539,14.4973
swin,multitask,1,0.00983796,11.1928,10.287
swin,multitask,1,0.0109954,7.57583,7.0763
swin,multitask,1,0.0121528,5.12155,4.9433
swin,multitask,1,0.0133102,3.88871,3.88165
swin,multitask,1,0.0144676,3.40506,3.43105
swin,multitask,1,0.015625,3.12186,3.16119
swin,multitask,1,0.0167824,2.1754,2.10575
swin,multitask,1,0.0179398,1.58368,1.71076
swin,multitask,1,0.0190972,1.46174,1.76447
swin,multitask,1,0.0202546,1.14966,1.3122
swin,multitask,1,0.021412,1.01191,1.06731
swin,multitask,1,0.0225694,0.759671,0.759069
swin,multitask,1,0.0237269,0.604687,0.571959
swin,multitask,1,0.0248843,0.525235,0.541464
swin,multitask,1,0.0260417,0.401271,0.44158
swin,multitask,1,0.0271991,0.37571,0.422615
swin,multitask,1,0.0283565,0.326072,0.370498
swin,multitask,1,0.0295139,0.251983,0.290158
swin,multitask,1,0.0306713,0.221966,0.252986
swin,multitask,1,0.0318287,0.212695,0.24503
swin,multitask,1,0.0329861,0.185952,0.206699
swin,multitask,1,0.0341435,0.153335,0.146848
swin,multitask,1,0.0353009,0.135127,0.12048
swin,multitask,1,0.0364583,0.120529,0.108313
swin,multitask,1,0.0376157,0.118225,0.107624
swin,multitask,1,0.0387731,0.10528,0.0924343
swin,multitask,1,0.0399306,0.0979345,0.0836254
swin,multitask,1,0.041088,0.100788,0.0848821
swin,multitask,5,0.000578704,4197.13,3975.66
swin,multitask,5,0.00173611,2054.74,1976.39
swin,multitask,5,0.00289352,464.569,464.258
swin,multitask,5,0.00405093,151.72,157.782
swin,multitask,5,0.00520833,53.1923,59.9545
swin,multitask,5,0.00636574,29.2041,36.0682
swin,multitask,5,0.00752315,20.7145,26.0765
swin,multitask,5,0.00868056,12.0778,14.7271
swin,multitask,5,0.00983796,8.09398,10.2219
swin,multitask,5,0.0109954,5.08083,7.0101
swin,multitask,5,0.0121528,3.25554,4.95278
swin,multitask,5,0.0133102,2.29638,3.89973
swin,multitask,5,0.0144676,2.06214,3.41003
swin,multitask,5,0.015625,2.05895,3.14346
swin,multitask,5,0.0167824,1.46028,2.12513
swin,multitask,5,0.0179398,0.95402,1.7139
swin,multitask,5,0.0190972,0.887747,1.74091
swin,multitask,5,0.0202546,0.70248,1.29868
swin,multitask,5,0.021412,0.618308,1.0493
swin,multitask,5,0.0225694,0.435396,0.751006
swin,multitask,5,0.0237269,0.350212,0.563169
swin,multitask,5,0.0248843,0.301915,0.534586
swin,multitask,5,0.0260417,0.221555,0.437055
swin,multitask,5,0.0271991,0.192314,0.416558
swin,multitask,5,0.0283565,0.156569,0.366463
swin,multitask,5,0.0295139,0.118351,0.287089
swin,multitask,5,0.0306713,0.0986691,0.249557
swin,multitask,5,0.0318287,0.090733,0.240839
swin,multitask,5,0.0329861,0.0821539,0.203808
swin,multitask,5,0.0341435,0.0697514,0.145193
swin,multitask,5,0.0353009,0.0630092,0.120431
swin,multitask,5,0.0364583,0.0584285,0.108852
swin,multitask,5,0.0376157,0.0568851,0.107738
swin,multitask,5,0.0387731,0.0504618,0.0919734
swin,multitask,5,0.0399306,0.0463424,0.0834877
swin,multitask,5,0.041088,0.0438071,0.0845449
swin,multitask,10,0.000578704,4268.51,4008.93
swin,multitask,10,0.00173611,2008.79,1971
swin,multitask,10,0.00289352,423.845,454.787
swin,multitask,10,0.00405093,142.367,153.779
swin,multitask,10,0.00520833,53.0939,57.5762
swin,multitask,10,0.00636574,28.7262,34.7335
swin,multitask,10,0.00752315,19.4338,25.3017
swin,multitask,10,0.00868056,11.3694,14.3968
swin,multitask,10,0.00983796,7.53254,9.84337
swin,multitask,10,0.0109954,4.74302,6.78938
swin,multitask,10,0.0121528,3.05102,4.83365
swin,multitask,10,0.0133102,2.14884,3.78621
swin,multitask,10,0.0144676,1.85352,3.25598
swin,multitask,10,0.015625,1.7819,2.96328
swin,multitask,10,0.0167824,1.2934,2.00894
swin,multitask,10,0.0179398,0.840525,1.61846
swin,multitask,10,0.0190972,0.761422,1.64495
swin,multitask,10,0.0202546,0.628391,1.23426
swin,multitask,10,0.021412,0.535777,0.985973
swin,multitask,10,0.0225694,0.365199,0.710645
swin,multitask,10,0.0237269,0.315726,0.53064
swin,multitask,10,0.0248843,0.266669,0.503885
swin,multitask,10,0.0260417,0.200653,0.417581
swin,multitask,10,0.0271991,0.169543,0.392073
swin,multitask,10,0.0283565,0.137022,0.346786
swin,multitask,10,0.0295139,0.109924,0.274749
swin,multitask,10,0.0306713,0.0931367,0.235019
swin,multitask,10,0.0318287,0.0850491,0.222397
swin,multitask,10,0.0329861,0.0803019,0.188976
swin,multitask,10,0.0341435,0.0724174,0.136185
swin,multitask,10,0.0353009,0.0684752,0.11427
swin,multitask,10,0.0364583,0.0659915,0.104004
swin,multitask,10,0.0376157,0.0646391,0.103106
swin,multitask,10,0.0387731,0.0578279,0.0880634
swin,multitask,10,0.0399306,0.0548089,0.0804695
swin,multitask,10,0.041088,0.0518834,0.0816365
swin_unet,ox,1,0.000578704,4342.6,3987.77
swin_unet,ox,1,0.00173611,2130.58,1986.43
swin_unet,ox,1,0.00289352,488.82,466.886
swin_unet,ox,1,0.00405093,165.606,158.311
swin_unet,ox,1,0.00520833,59.8572,60.4614
swin_unet,ox,1,0.00636574,32.5969,35.9067
swin_unet,ox,1,0.00752315,23.7451,25.7958
swin_unet,ox,1,0.00868056,14.1634,14.4973
swin_unet,ox,1,0.00983796,10.1579,10.287
swin_unet,ox,1,0.0109954,6.66057,7.0763
swin_unet,ox,1,0.0121528,4.32105,4.9433
swin_unet,ox,1,0.0133102,3.0422,3.88165
swin_unet,ox,1,0.0144676,2.67258,3.43105
swin_unet,ox,1,0.015625,2.55892,3.16119
swin_unet,ox,1,0.0167824,1.81028,2.10575
swin_unet,ox,1,0.0179398,1.24998,1.71076
swin_unet,ox,1,0.0190972,1.15226,1.76447
swin_unet,ox,1,0.0202546,0.940635,1.3122
swin_unet,ox,1,0.021412,0.772643,1.06731
swin_unet,ox,1,0.0225694,0.504125,0.759069
swin_unet,ox,1,0.0237269,0.433084,0.571959
swin_unet,ox,1,0.0248843,0.366419,0.541464
swin_unet,ox,1,0.0260417,0.321217,0.44158
swin_unet,ox,1,0.0271991,0.280596,0.422615
swin_unet,ox,1,0.0283565,0.23703,0.370498
swin_unet,ox,1,0.0295139,0.211131,0.290158
swin_unet,ox,1,0.0306713,0.198692,0.252986
swin_unet,ox,1,0.0318287,0.187592,0.24503
swin_unet,ox,1,0.0329861,0.162207,0.206699
swin_unet,ox,1,0.0341435,0.140653,0.146848
swin_unet,ox,1,0.0353009,0.134479,0.12048
swin_unet,ox,1,0.0364583,0.125899,0.108313
swin_unet,ox,1,0.0376157,0.124854,0.107624
swin_unet,ox,1,0.0387731,0.104123,0.0924343
swin_unet,ox,1,0.0399306,0.0966133,0.0836254
swin_unet,ox,1,0.041088,0.100193,0.0848821
swin_unet,ox,5,0.000578704,4145.52,3975.66
swin_unet,ox,5,0.00173611,2010.2,1976.39
swin_unet,ox,5,0.00289352,437.455,464.258
swin_unet,ox,5,0.00405093,140.103,157.782
swin_unet,ox,5,0.00520833,48.212,59.9545
swin_unet,ox,5,0.00636574,26.5756,36.0682
swin_unet,ox,5,0.00752315,19.1111,26.0765
swin_unet,ox,5,0.00868056,11.2322,14.7271
swin_unet,ox,5,0.00983796,8.03029,10.2219
swin_unet,ox,5,0.0109954,5.18701,7.0101
swin_unet,ox,5,0.0121528,3.17576,4.95278
swin_unet,ox,5,0.0133102,2.38735,3.89973
swin_unet,ox,5,0.0144676,2.30295,3.41003
swin_unet,ox,5,0.015625,2.26771,3.14346
swin_unet,ox,5,0.0167824,1.50686,2.12513
swin_unet,ox,5,0.0179398,1.05816,1.7139
swin_unet,ox,5,0.0190972,1.05462,1.74091
swin_unet,ox,5,0.0202546,0.852779,1.29868
swin_unet,ox,5,0.021412,0.696021,1.0493
swin_unet,ox,5,0.0225694,0.456713,0.751006
swin_unet,ox,5,0.0237269,0.365084,0.563169
swin_unet,ox,5,0.0248843,0.315004,0.534586
swin_unet,ox,5,0.0260417,0.281232,0.437055
swin_unet,ox,5,0.0271991,0.251208,0.416558
swin_unet,ox,5,0.0283565,0.212787,0.366463
swin_unet,ox,5,0.0295139,0.179846,0.287089
swin_unet,ox,5,0.0306713,0.17221,0.249557
swin_unet,ox,5,0.0318287,0.168278,0.240839
swin_unet,ox,5,0.0329861,0.139968,0.203808
swin_unet,ox,5,0.0341435,0.11439,0.145193
swin_unet,ox,5,0.0353009,0.107973,0.120431
swin_unet,ox,5,0.0364583,0.10097,0.108852
swin_unet,ox,5,0.0376157,0.0979348,0.107738
swin_unet,ox,5,0.0387731,0.0831701,0.0919734
swin_unet,ox,5,0.0399306,0.0777208,0.0834877
swin_unet,ox,5,0.041088,0.0819758,0.0845449
swin_unet,ox,10,0.000578704,4115.43,4008.93
swin_unet,ox,10,0.00173611,1971.06,1971
swin_unet,ox,10,0.00289352,418.617,454.787
swin_unet,ox,10,0.00405093,134.926,153.779
swin_unet,ox,10,0.00520833,45.7387,57.5762
swin_unet,ox,10,0.00636574,24.3109,34.7335
swin_unet,ox,10,0.00752315,17.6261,25.3017
swin_unet,ox,10,0.00868056,10.5712,14.3968
swin_unet,ox,10,0.00983796,7.16508,9.84337
swin_unet,ox,10,0.0109954,4.5644,6.78938
swin_unet,ox,10,0.0121528,2.84508,4.83365
swin_unet,ox,10,0.0133102,2.08987,3.78621
swin_unet,ox,10,0.0144676,1.87945,3.25598
swin_unet,ox,10,0.015625,1.82963,2.96328
swin_unet,ox,10,0.0167824,1.30984,2.00894
swin_unet,ox,10,0.0179398,0.99773,1.61846
swin_unet,ox,10,0.0190972,0.986093,1.64495
swin_unet,ox,10,0.0202546,0.784265,1.23426
swin_unet,ox,10,0.021412,0.613331,0.985973
swin_unet,ox,10,0.0225694,0.419678,0.710645
swin_unet,ox,10,0.0237269,0.363897,0.53064
swin_unet,ox,10,0.0248843,0.309855,0.503885
swin_unet,ox,10,0.0260417,0.296028,0.417581
swin_unet,ox,10,0.0271991,0.267928,0.392073
swin_unet,ox,10,0.0283565,0.220419,0.346786
swin_unet,ox,10,0.0295139,0.191769,0.274749
swin_unet,ox,10,0.0306713,0.180929,0.235019
swin_unet,ox,10,0.0318287,0.171917,0.222397
swin_unet,ox,10,0.0329861,0.139766,0.188976
swin_unet,ox,10,0.0341435,0.125556,0.136185
swin_unet,ox,10,0.0353009,0.122308,0.11427
swin_unet,ox,10,0.0364583,0.11587,0.104004
swin_unet,ox,10,0.0376157,0.111513,0.103106
swin_unet,ox,10,0.0387731,0.0963419,0.0880634
swin_unet,ox,10,0.0399306,0.0946419,0.0804695
swin_unet,ox,10,0.041088,0.0959973,0.0816365
swin_unet,species,1,0.000578704,4340.34,3987.77
swin_unet,species,1,0.00173611,2135.13,1986.43
swin_unet,species,1,0.00289352,488.513,466.886
swin_unet,species,1,0.00405093,165.054,158.311
swin_unet,species,1,0.00520833,58.3693,60.4614
swin_unet,species,1,0.00636574,31.0857,35.9067
swin_unet,species,1,0.00752315,21.985,25.7958
swin_unet,species,1,0.00868056,13.3397,14.4973
swin_unet,species,1,0.00983796,9.6577,10.287
swin_unet,species,1,0.0109954,6.41678,7.0763
swin_unet,species,1,0.0121528,4.41811,4.9433
swin_unet,species,1,0.0133102,3.47953,3.88165
swin_unet,species,1,0.0144676,3.12739,3.43105
swin_unet,species,1,0.015625,2.94927,3.16119
swin_unet,species,1,0.0167824,2.20818,2.10575
swin_unet,species,1,0.0179398,1.63542,1.71076
swin_unet,species,1,0.0190972,1.49744,1.76447
swin_unet,species,1,0.0202546,1.25982,1.3122
swin_unet,species,1,0.021412,1.05113,1.06731
swin_unet,species,1,0.0225694,0.749385,0.759069
swin_unet,species,1,0.0237269,0.657486,0.571959
swin_unet,species,1,0.0248843,0.616006,0.541464
swin_unet,species,1,0.0260417,0.568182,0.44158
swin_unet,species,1,0.0271991,0.498133,0.422615
swin_unet,species,1,0.0283565,0.439974,0.370498
swin_unet,species,1,0.0295139,0.384845,0.290158
swin_unet,species,1,0.0306713,0.331242,0.252986
swin_unet,species,1,0.0318287,0.288907,0.24503
swin_unet,species,1,0.0329861,0.255087,0.206699
swin_unet,species,1,0.0341435,0.232565,0.146848
swin_unet,species,1,0.0353009,0.230903,0.12048
swin_unet,species,1,0.0364583,0.212832,0.108313
swin_unet,species,1,0.0376157,0.202792,0.107624
swin_unet,species,1,0.0387731,0.171118,0.0924343
swin_unet,species,1,0.0399306,0.154562,0.0836254
swin_unet,species,1,0.041088,0.158421,0.0848821
swin_unet,species,5,0.000578704,4003.03,3975.66
swin_unet,species,5,0.00173611,1949.82,1976.39
swin_unet,species,5,0.00289352,433.39,464.258
swin_unet,species,5,0.00405093,141.394,157.782
swin_unet,species,5,0.00520833,48.7859,59.9545
swin_unet,species,5,0.00636574,26.4047,36.0682
swin_unet,species,5,0.00752315,20.2376,26.0765
swin_unet,species,5,0.00868056,12.8969,14.7271
swin_unet,species,5,0.00983796,9.12333,10.2219
swin_unet,species,5,0.0109954,5.73656,7.0101
swin_unet,species,5,0.0121528,3.72291,4.95278
swin_unet,species,5,0.0133102,2.9054,3.89973
swin_unet,species,5,0.0144676,2.77751,3.41003
swin_unet,species,5,0.015625,2.58964,3.14346
swin_unet,species,5,0.0167824,1.83752,2.12513
swin_unet,species,5,0.0179398,1.33824,1.7139
swin_unet,species,5,0.0190972,1.29818,1.74091
swin_unet,species,5,0.0202546,1.05498,1.29868
swin_unet,species,5,0.021412,0.944673,1.0493
swin_unet,species,5,0.0225694,0.66125,0.751006
swin_unet,species,5,0.0237269,0.527916,0.563169
swin_unet,species,5,0.0248843,0.486809,0.534586
swin_unet,species,5,0.0260417,0.428229,0.437055
swin_unet,species,5,0.0271991,0.375948,0.416558
swin_unet,species,5,0.0283565,0.330268,0.366463
swin_unet,species,5,0.0295139,0.277365,0.287089
swin_unet,species,5,0.0306713,0.249636,0.249557
swin_unet,species,5,0.0318287,0.228862,0.240839
swin_unet,species,5,0.0329861,0.194864,0.203808
swin_unet,species,5,0.0341435,0.166644,0.145193
swin_unet,species,5,0.0353009,0.152681,0.120431
swin_unet,species,5,0.0364583,0.138397,0.108852
swin_unet,species,5,0.0376157,0.135112,0.107738
swin_unet,species,5,0.0387731,0.118101,0.0919734
swin_unet,species,5,0.0399306,0.112001,0.0834877
swin_unet,species,5,0.041088,0.120197,0.0845449
swin_unet,species,10,0.000578704,3963.3,4008.93
swin_unet,species,10,0.00173611,1918.72,1971
swin_unet,species,10,0.00289352,428.05,454.787
swin_unet,species,10,0.00405093,145.774,153.779
swin_unet,species,10,0.00520833,50.184,57.5762
swin_unet,species,10,0.00636574,25.2349,34.7335
swin_unet,species,10,0.00752315,19.8123,25.3017
swin_unet,species,10,0.00868056,13.1942,14.3968
swin_unet,species,10,0.00983796,9.24871,9.84337
swin_unet,species,10,0.0109954,5.87901,6.78938
swin_unet,species,10,0.0121528,3.96698,4.83365
swin_unet,species,10,0.0133102,3.00296,3.78621
swin_unet,species,10,0.0144676,2.64114,3.25598
swin_unet,species,10,0.015625,2.52595,2.96328
swin_unet,species,10,0.0167824,2.01584,2.00894
swin_unet,species,10,0.0179398,1.52126,1.61846
swin_unet,species,10,0.0190972,1.34966,1.64495
swin_unet,species,10,0.0202546,1.13115,1.23426
swin_unet,species,10,0.021412,0.984346,0.985973
swin_unet,species,10,0.0225694,0.693422,0.710645
swin_unet,species,10,0.0237269,0.567358,0.53064
swin_unet,species,10,0.0248843,0.519683,0.503885
swin_unet,species,10,0.0260417,0.468475,0.417581
swin_unet,species,10,0.0271991,0.400543,0.392073
swin_unet,species,10,0.0283565,0.35168,0.346786
swin_unet,species,10,0.0295139,0.30035,0.274749
swin_unet,species,10,0.0306713,0.269755,0.235019
swin_unet,species,10,0.0318287,0.250242,0.222397
swin_unet,species,10,0.0329861,0.220689,0.188976
swin_unet,species,10,0.0341435,0.196689,0.136185
swin_unet,species,10,0.0353009,0.187813,0.11427
swin_unet,species,10,0.0364583,0.179881,0.104004
swin_unet,species,10,0.0376157,0.176102,0.103106
swin_unet,species,10,0.0387731,0.153786,0.0880634
swin_unet,species,10,0.0399306,0.143032,0.0804695
swin_unet,species,10,0.041088,0.145956,0.0816365
swin_unet,multitask,1,0.000578704,4275.64,3987.77
swin_unet,multitask,1,0.00173611,2092.01,1986.43
swin_unet,multitask,1,0.00289352,476.849,466.886
swin_unet,multitask,1,0.00405093,162.749,158.311
swin_unet,multitask,1,0.00520833,58.0307,60.4614
swin_unet,multitask,1,0.00636574,30.6198,35.9067
swin_unet,multitask,1,0.00752315,21.7316,25.7958
swin_unet,multitask,1,0.00868056,13.218,14.4973
swin_unet,multitask,1,0.00983796,9.49405,10.287
swin_unet,multitask,1,0.0109954,6.14463,7.0763
swin_unet,multitask,1,0.0121528,4.21056,4.9433
swin_unet,multitask,1,0.0133102,3.23221,3.88165
swin_unet,multitask,1,0.0144676,2.94544,3.43105
swin_unet,multitask,1,0.015625,2.79015,3.16119
swin_unet,multitask,1,0.0167824,2.07657,2.10575
swin_unet,multitask,1,0.0179398,1.52125,1.71076
swin_unet,multitask,1,0.0190972,1.33456,1.76447
swin_unet,multitask,1,0.0202546,1.11074,1.3122
swin_unet,multitask,1,0.021412,0.928495,1.06731
swin_unet,multitask,1,0.0225694,0.666614,0.759069
swin_unet,multitask,1,0.0237269,0.566143,0.571959
swin_unet,multitask,1,0.0248843,0.514539,0.541464
swin_unet,multitask,1,0.0260417,0.454526,0.44158
swin_unet,multitask,1,0.0271991,0.390901,0.422615
swin_unet,multitask,1,0.0283565,0.332909,0.370498
swin_unet,multitask,1,0.0295139,0.28546,0.290158
swin_unet,multitask,1,0.0306713,0.257821,0.252986
swin_unet,multitask,1,0.0318287,0.234073,0.24503
swin_unet,multitask,1,0.0329861,0.205059,0.206699
swin_unet,multitask,1,0.0341435,0.180738,0.146848
swin_unet,multitask,1,0.0353009,0.176909,0.12048
swin_unet,multitask,1,0.0364583,0.164733,0.108313
swin_unet,multitask,1,0.0376157,0.163561,0.107624
swin_unet,multitask,1,0.0387731,0.137024,0.0924343
swin_unet,multitask,1,0.0399306,0.119211,0.0836254
swin_unet,multitask,1,0.041088,0.122229,0.0848821
swin_unet,multitask,5,0.000578704,4102.2,3975.66
swin_unet,multitask,5,0.00173611,1993.17,1976.39
swin_unet,multitask,5,0.00289352,435.822,464.258
swin_unet,multitask,5,0.00405093,141.589,157.782
swin_unet,multitask,5,0.00520833,49.6603,59.9545
swin_unet,multitask,5,0.00636574,27.6286,36.0682
swin_unet,multitask,5,0.00752315,20.2272,26.0765
swin_unet,multitask,5,0.00868056,12.4225,14.7271
swin_unet,multitask,5,0.00983796,8.61122,10.2219
swin_unet,multitask,5,0.0109954,5.52776,7.0101
swin_unet,multitask,5,0.0121528,3.59657,4.95278
swin_unet,multitask,5,0.0133102,2.74676,3.89973
swin_unet,multitask,5,0.0144676,2.67229,3.41003
swin_unet,multitask,5,0.015625,2.48287,3.14346
swin_unet,multitask,5,0.0167824,1.69981,2.12513
swin_unet,multitask,5,0.0179398,1.30056,1.7139
swin_unet,multitask,5,0.0190972,1.26001,1.74091
swin_unet,multitask,5,0.0202546,1.04101,1.29868
swin_unet,multitask,5,0.021412,0.913423,1.0493
swin_unet,multitask,5,0.0225694,0.627574,0.751006
swin_unet,multitask,5,0.0237269,0.492843,0.563169
swin_unet,multitask,5,0.0248843,0.439275,0.534586
swin_unet,multitask,5,0.0260417,0.370789,0.437055
swin_unet,multitask,5,0.0271991,0.327499,0.416558
swin_unet,multitask,5,0.0283565,0.283258,0.366463
swin_unet,multitask,5,0.0295139,0.229967,0.287089
swin_unet,multitask,5,0.0306713,0.211557,0.249557
swin_unet,multitask,5,0.0318287,0.202129,0.240839
swin_unet,multitask,5,0.0329861,0.17215,0.203808
swin_unet,multitask,5,0.0341435,0.139675,0.145193
swin_unet,multitask,5,0.0353009,0.128359,0.120431
swin_unet,multitask,5,0.0364583,0.118921,0.108852
swin_unet,multitask,5,0.0376157,0.116033,0.107738
swin_unet,multitask,5,0.0387731,0.0981193,0.0919734
swin_unet,multitask,5,0.0399306,0.0921486,0.0834877
swin_unet,multitask,5,0.041088,0.10128,0.0845449
swin_unet,multitask,10,0.000578704,4158.66,4008.93
swin_unet,multitask,10,0.00173611,1994.89,1971
swin_unet,multitask,10,0.00289352,428.862,454.787
swin_unet,multitask,10,0.00405093,139.814,153.779
swin_unet,multitask,10,0.00520833,48.5759,57.5762
swin_unet,multitask,10,0.00636574,25.3861,34.7335
swin_unet,multitask,10,0.00752315,19.3598,25.3017
swin_unet,multitask,10,0.00868056,12.5506,14.3968
swin_unet,multitask,10,0.00983796,8.5659,9.84337
swin_unet,multitask,10,0.0109954,5.53752,6.78938
swin_unet,multitask,10,0.0121528,3.80782,4.83365
swin_unet,multitask,10,0.0133102,2.84003,3.78621
swin_unet,multitask,10,0.0144676,2.47452,3.25598
swin_unet,multitask,10,0.015625,2.25804,2.96328
swin_unet,multitask,10,0.0167824,1.73788,2.00894
swin_unet,multitask,10,0.0179398,1.34135,1.61846
swin_unet,multitask,10,0.0190972,1.20807,1.64495
swin_unet,multitask,10,0.0202546,1.02503,1.23426
swin_unet,multitask,10,0.021412,0.8909,0.985973
swin_unet,multitask,10,0.0225694,0.62739,0.710645
swin_unet,multitask,10,0.0237269,0.502451,0.53064
swin_unet,multitask,10,0.0248843,0.440026,0.503885
swin_unet,multitask,10,0.0260417,0.390301,0.417581
swin_unet,multitask,10,0.0271991,0.33476,0.392073
swin_unet,multitask,10,0.0283565,0.296839,0.346786
swin_unet,multitask,10,0.0295139,0.257114,0.274749
swin_unet,multitask,10,0.0306713,0.235069,0.235019
swin_unet,multitask,10,0.0318287,0.218126,0.222397
swin_unet,multitask,10,0.0329861,0.187307,0.188976
swin_unet,multitask,10,0.0341435,0.163465,0.136185
swin_unet,multitask,10,0.0353009,0.15519,0.11427
swin_unet,multitask,10,0.0364583,0.145524,0.104004
swin_unet,multitask,10,0.0376157,0.139759,0.103106
swin_unet,multitask,10,0.0387731,0.116982,0.0880634
swin_unet,multitask,10,0.0399306,0.10807,0.0804695
swin_unet,multitask,10,0.041088,0.115556,0.0816365
gnn,ox,1,0.000578704,4202.44,3987.77
gnn,ox,1,0.00173611,2077.6,1986.43
gnn,ox,1,0.00289352,487.37,466.886
gnn,ox,1,0.00405093,163.825,158.311
gnn,ox,1,0.00520833,58.8522,60.4614
gnn,ox,1,0.00636574,32.6818,35.9067
gnn,ox,1,0.00752315,24.4048,25.7958
gnn,ox,1,0.00868056,15.1873,14.4973
gnn,ox,1,0.00983796,10.9072,10.287
gnn,ox,1,0.0109954,7.23789,7.0763
gnn,ox,1,0.0121528,5.04583,4.9433
gnn,ox,1,0.0133102,3.97258,3.88165
gnn,ox,1,0.0144676,3.51256,3.43105
gnn,ox,1,0.015625,3.23069,3.16119
gnn,ox,1,0.0167824,2.29892,2.10575
gnn,ox,1,0.0179398,1.69134,1.71076
gnn,ox,1,0.0190972,1.58135,1.76447
gnn,ox,1,0.0202546,1.25969,1.3122
gnn,ox,1,0.021412,1.1207,1.06731
gnn,ox,1,0.0225694,0.831669,0.759069
gnn,ox,1,0.0237269,0.669587,0.571959
gnn,ox,1,0.0248843,0.583094,0.541464
gnn,ox,1,0.0260417,0.447126,0.44158
gnn,ox,1,0.0271991,0.434172,0.422615
gnn,ox,1,0.0283565,0.37203,0.370498
gnn,ox,1,0.0295139,0.278659,0.290158
gnn,ox,1,0.0306713,0.242371,0.252986
gnn,ox,1,0.0318287,0.233579,0.24503
gnn,ox,1,0.0329861,0.20254,0.206699
gnn,ox,1,0.0341435,0.155773,0.146848
gnn,ox,1,0.0353009,0.131025,0.12048
gnn,ox,1,0.0364583,0.114298,0.108313
gnn,ox,1,0.0376157,0.109104,0.107624
gnn,ox,1,0.0387731,0.0968171,0.0924343
gnn,ox,1,0.0399306,0.0904489,0.0836254
gnn,ox,1,0.041088,0.0895767,0.0848821
gnn,ox,5,0.000578704,4167.58,3975.66
gnn,ox,5,0.00173611,2056.48,1976.39
gnn,ox,5,0.00289352,470.547,464.258
gnn,ox,5,0.00405093,146.818,157.782
gnn,ox,5,0.00520833,47.0942,59.9545
gnn,ox,5,0.00636574,24.8694,36.0682
gnn,ox,5,0.00752315,18.395,26.0765
gnn,ox,5,0.00868056,11.1808,14.7271
gnn,ox,5,0.00983796,7.4505,10.2219
gnn,ox,5,0.0109954,4.45845,7.0101
gnn,ox,5,0.0121528,2.60659,4.95278
gnn,ox,5,0.0133102,1.88574,3.89973
gnn,ox,5,0.0144676,1.70003,3.41003
gnn,ox,5,0.015625,1.66444,3.14346
gnn,ox,5,0.0167824,1.26841,2.12513
gnn,ox,5,0.0179398,0.88221,1.7139
gnn,ox,5,0.0190972,0.811857,1.74091
gnn,ox,5,0.0202546,0.649071,1.29868
gnn,ox,5,0.021412,0.573876,1.0493
gnn,ox,5,0.0225694,0.427438,0.751006
gnn,ox,5,0.0237269,0.341376,0.563169
gnn,ox,5,0.0248843,0.279699,0.534586
gnn,ox,5,0.0260417,0.214218,0.437055
gnn,ox,5,0.0271991,0.18506,0.416558
gnn,ox,5,0.0283565,0.155029,0.366463
gnn,ox,5,0.0295139,0.117522,0.287089
gnn,ox,5,0.0306713,0.0945796,0.249557
gnn,ox,5,0.0318287,0.0880603,0.240839
gnn,ox,5,0.0329861,0.0792498,0.203808
gnn,ox,5,0.0341435,0.0636896,0.145193
gnn,ox,5,0.0353009,0.0574179,0.120431
gnn,ox,5,0.0364583,0.0546602,0.108852
gnn,ox,5,0.0376157,0.0545266,0.107738
gnn,ox,5,0.0387731,0.050271,0.0919734
gnn,ox,5,0.0399306,0.0509231,0.0834877
gnn,ox,5,0.041088,0.0517641,0.0845449
gnn,ox,10,0.000578704,4142.86,4008.93
gnn,ox,10,0.00173611,1998.37,1971
gnn,ox,10,0.00289352,442.22,454.787
gnn,ox,10,0.00405093,139.956,153.779
gnn,ox,10,0.00520833,45.1482,57.5762
gnn,ox,10,0.00636574,22.845,34.7335
gnn,ox,10,0.00752315,16.6968,25.3017
gnn,ox,10,0.00868056,10.2385,14.3968
gnn,ox,10,0.00983796,6.5196,9.84337
gnn,ox,10,0.0109954,3.80255,6.78938
gnn,ox,10,0.0121528,2.22537,4.83365
gnn,ox,10,0.0133102,1.59154,3.78621
gnn,ox,10,0.0144676,1.33952,3.25598
gnn,ox,10,0.015625,1.26778,2.96328
gnn,ox,10,0.0167824,1.02796,2.00894
gnn,ox,10,0.0179398,0.754951,1.61846
gnn,ox,10,0.0190972,0.657092,1.64495
gnn,ox,10,0.0202546,0.542451,1.23426
gnn,ox,10,0.021412,0.468407,0.985973
gnn,ox,10,0.0225694,0.349089,0.710645
gnn,ox,10,0.0237269,0.28143,0.53064
gnn,ox,10,0.0248843,0.225872,0.503885
gnn,ox,10,0.0260417,0.174437,0.417581
gnn,ox,10,0.0271991,0.137159,0.392073
gnn,ox,10,0.0283565,0.108898,0.346786
gnn,ox,10,0.0295139,0.0856109,0.274749
gnn,ox,10,0.0306713,0.0667865,0.235019
gnn,ox,10,0.0318287,0.0601083,0.222397
gnn,ox,10,0.0329861,0.0554065,0.188976
gnn,ox,10,0.0341435,0.0480844,0.136185
gnn,ox,10,0.0353009,0.0472745,0.11427
gnn,ox,10,0.0364583,0.0480376,0.104004
gnn,ox,10,0.0376157,0.0513151,0.103106
gnn,ox,10,0.0387731,0.0488124,0.0880634
gnn,ox,10,0.0399306,0.0509253,0.0804695
gnn,ox,10,0.041088,0.0506904,0.0816365
gnn,species,1,0.000578704,4297.83,3987.77
gnn,species,1,0.00173611,2122.06,1986.43
gnn,species,1,0.00289352,498.704,466.886
gnn,species,1,0.00405093,170.352,158.311
gnn,species,1,0.00520833,61.2432,60.4614
gnn,species,1,0.00636574,33.5829,35.9067
gnn,species,1,0.00752315,24.8802,25.7958
gnn,species,1,0.00868056,15.3522,14.4973
gnn,species,1,0.00983796,11.053,10.287
gnn,species,1,0.0109954,7.37985,7.0763
gnn,species,1,0.0121528,5.09472,4.9433
gnn,species,1,0.0133102,3.98138,3.88165
gnn,species,1,0.0144676,3.51318,3.43105
gnn,species,1,0.015625,3.23975,3.16119
gnn,species,1,0.0167824,2.33723,2.10575
gnn,species,1,0.0179398,1.72662,1.71076
gnn,species,1,0.0190972,1.62096,1.76447
gnn,species,1,0.0202546,1.28504,1.3122
gnn,species,1,0.021412,1.1381,1.06731
gnn,species,1,0.0225694,0.846737,0.759069
gnn,species,1,0.0237269,0.675221,0.571959
gnn,species,1,0.0248843,0.588877,0.541464
gnn,species,1,0.0260417,0.454394,0.44158
gnn,species,1,0.0271991,0.438112,0.422615
gnn,species,1,0.0283565,0.37717,0.370498
gnn,species,1,0.0295139,0.286577,0.290158
gnn,species,1,0.0306713,0.245462,0.252986
gnn,species,1,0.0318287,0.236746,0.24503
gnn,species,1,0.0329861,0.206261,0.206699
gnn,species,1,0.0341435,0.158072,0.146848
gnn,species,1,0.0353009,0.134491,0.12048
gnn,species,1,0.0364583,0.118009,0.108313
gnn,species,1,0.0376157,0.113821,0.107624
gnn,species,1,0.0387731,0.101613,0.0924343
gnn,species,1,0.0399306,0.0960738,0.0836254
gnn,species,1,0.041088,0.0954955,0.0848821
gnn,species,5,0.000578704,4228.96,3975.66
gnn,species,5,0.00173611,2064.62,1976.39
gnn,species,5,0.00289352,465.229,464.258
gnn,species,5,0.00405093,149.174,157.782
gnn,species,5,0.00520833,49.5219,59.9545
gnn,species,5,0.00636574,26.1715,36.0682
gnn,species,5,0.00752315,19.3049,26.0765
gnn,species,5,0.00868056,11.6716,14.7271
gnn,species,5,0.00983796,7.80489,10.2219
gnn,species,5,0.0109954,4.74906,7.0101
gnn,species,5,0.0121528,2.86275,4.95278
gnn,species,5,0.0133102,2.08807,3.89973
gnn,species,5,0.0144676,1.84459,3.41003
gnn,species,5,0.015625,1.77116,3.14346
gnn,species,5,0.0167824,1.32338,2.12513
gnn,species,5,0.0179398,0.90927,1.7139
gnn,species,5,0.0190972,0.858364,1.74091
gnn,species,5,0.0202546,0.703589,1.29868
gnn,species,5,0.021412,0.623486,1.0493
gnn,species,5,0.0225694,0.4655,0.751006
gnn,species,5,0.0237269,0.363942,0.563169
gnn,species,5,0.0248843,0.300698,0.534586
gnn,species,5,0.0260417,0.235746,0.437055
gnn,species,5,0.0271991,0.203937,0.416558
gnn,species,5,0.0283565,0.169219,0.366463
gnn,species,5,0.0295139,0.131385,0.287089
gnn,species,5,0.0306713,0.1055,0.249557
gnn,species,5,0.0318287,0.0960791,0.240839
gnn,species,5,0.0329861,0.0870684,0.203808
gnn,species,5,0.0341435,0.0704752,0.145193
gnn,species,5,0.0353009,0.0654755,0.120431
gnn,species,5,0.0364583,0.0632693,0.108852
gnn,species,5,0.0376157,0.063545,0.107738
gnn,species,5,0.0387731,0.0574679,0.0919734
gnn,species,5,0.0399306,0.0583535,0.0834877
gnn,species,5,0.041088,0.0612992,0.0845449
gnn,species,10,0.000578704,4277.76,4008.93
gnn,species,10,0.00173611,2049.14,1971
gnn,species,10,0.00289352,451.065,454.787
gnn,species,10,0.00405093,147.576,153.779
gnn,species,10,0.00520833,48.3292,57.5762
gnn,species,10,0.00636574,24.5848,34.7335
gnn,species,10,0.00752315,17.8729,25.3017
gnn,species,10,0.00868056,11.1021,14.3968
gnn,species,10,0.00983796,7.14796,9.84337
gnn,species,10,0.0109954,4.10606,6.78938
gnn,species,10,0.0121528,2.44644,4.83365
gnn,species,10,0.0133102,1.84521,3.78621
gnn,species,10,0.0144676,1.58,3.25598
gnn,species,10,0.015625,1.45657,2.96328
gnn,species,10,0.0167824,1.16797,2.00894
gnn,species,10,0.0179398,0.858141,1.61846
gnn,species,10,0.0190972,0.761787,1.64495
gnn,species,10,0.0202546,0.635075,1.23426
gnn,species,10,0.021412,0.55738,0.985973
gnn,species,10,0.0225694,0.415355,0.710645
gnn,species,10,0.0237269,0.338969,0.53064
gnn,species,10,0.0248843,0.276788,0.503885
gnn,species,10,0.0260417,0.219344,0.417581
gnn,species,10,0.0271991,0.175162,0.392073
gnn,species,10,0.0283565,0.141175,0.346786
gnn,species,10,0.0295139,0.11427,0.274749
gnn,species,10,0.0306713,0.0915328,0.235019
gnn,species,10,0.0318287,0.0815376,0.222397
gnn,species,10,0.0329861,0.075198,0.188976
gnn,species,10,0.0341435,0.0669581,0.136185
gnn,species,10,0.0353009,0.0647912,0.11427
gnn,species,10,0.0364583,0.0651329,0.104004
gnn,species,10,0.0376157,0.0709384,0.103106
gnn,species,10,0.0387731,0.0639327,0.0880634
gnn,species,10,0.0399306,0.0631644,0.0804695
gnn,species,10,0.041088,0.0631992,0.0816365
gnn,multitask,1,0.000578704,4246.8,3987.77
gnn,multitask,1,0.00173611,2096.82,1986.43
gnn,multitask,1,0.00289352,491.05,466.886
gnn,multitask,1,0.00405093,167.182,158.311
gnn,multitask,1,0.00520833,60.4103,60.4614
gnn,multitask,1,0.00636574,33.7123,35.9067
gnn,multitask,1,0.00752315,24.8538,25.7958
gnn,multitask,1,0.00868056,15.1914,14.4973
gnn,multitask,1,0.00983796,10.8252,10.287
gnn,multitask,1,0.0109954,7.16715,7.0763
gnn,multitask,1,0.0121528,5.02801,4.9433
gnn,multitask,1,0.0133102,3.95651,3.88165
gnn,multitask,1,0.0144676,3.49886,3.43105
gnn,multitask,1,0.015625,3.23313,3.16119
gnn,multitask,1,0.0167824,2.31551,2.10575
gnn,multitask,1,0.0179398,1.69603,1.71076
gnn,multitask,1,0.0190972,1.58657,1.76447
gnn,multitask,1,0.0202546,1.27016,1.3122
gnn,multitask,1,0.021412,1.13248,1.06731
gnn,multitask,1,0.0225694,0.84034,0.759069
gnn,multitask,1,0.0237269,0.672455,0.571959
gnn,multitask,1,0.0248843,0.581183,0.541464
gnn,multitask,1,0.0260417,0.445335,0.44158
gnn,multitask,1,0.0271991,0.432769,0.422615
gnn,multitask,1,0.0283565,0.37535,0.370498
gnn,multitask,1,0.0295139,0.280632,0.290158
gnn,multitask,1,0.0306713,0.242801,0.252986
gnn,multitask,1,0.0318287,0.233799,0.24503
gnn,multitask,1,0.0329861,0.203303,0.206699
gnn,multitask,1,0.0341435,0.155722,0.146848
gnn,multitask,1,0.0353009,0.131643,0.12048
gnn,multitask,1,0.0364583,0.115411,0.108313
gnn,multitask,1,0.0376157,0.111124,0.107624
gnn,multitask,1,0.0387731,0.0989807,0.0924343
gnn,multitask,1,0.0399306,0.092269,0.0836254
gnn,multitask,1,0.041088,0.0908793,0.0848821
gnn,multitask,5,0.000578704,4201.36,3975.66
gnn,multitask,5,0.00173611,2063.88,1976.39
gnn,multitask,5,0.00289352,468,464.258
gnn,multitask,5,0.00405093,149.768,157.782
gnn,multitask,5,0.00520833,49.3746,59.9545
gnn,multitask,5,0.00636574,26.2306,36.0682
gnn,multitask,5,0.00752315,19.3259,26.0765
gnn,multitask,5,0.00868056,11.718,14.7271
gnn,multitask,5,0.00983796,7.84466,10.2219
gnn,multitask,5,0.0109954,4.73553,7.0101
gnn,multitask,5,0.0121528,2.84089,4.95278
gnn,multitask,5,0.0133102,2.05896,3.89973
gnn,multitask,5,0.0144676,1.81511,3.41003
gnn,multitask,5,0.015625,1.75863,3.14346
gnn,multitask,5,0.0167824,1.31921,2.12513
gnn,multitask,5,0.0179398,0.909848,1.7139
gnn,multitask,5,0.0190972,0.841382,1.74091
gnn,multitask,5,0.0202546,0.681238,1.29868
gnn,multitask,5,0.021412,0.609895,1.0493
gnn,multitask,5,0.0225694,0.449802,0.751006
gnn,multitask,5,0.0237269,0.351876,0.563169
gnn,multitask,5,0.0248843,0.293041,0.534586
gnn,multitask,5,0.0260417,0.226138,0.437055
gnn,multitask,5,0.0271991,0.194655,0.416558
gnn,multitask,5,0.0283565,0.164596,0.366463
gnn,multitask,5,0.0295139,0.127487,0.287089
gnn,multitask,5,0.0306713,0.103387,0.249557
gnn,multitask,5,0.0318287,0.0947721,0.240839
gnn,multitask,5,0.0329861,0.0852601,0.203808
gnn,multitask,5,0.0341435,0.0688889,0.145193
gnn,multitask,5,0.0353009,0.0631072,0.120431
gnn,multitask,5,0.0364583,0.0595932,0.108852
gnn,multitask,5,0.0376157,0.0589878,0.107738
gnn,multitask,5,0.0387731,0.053257,0.0919734
gnn,multitask,5,0.0399306,0.0532451,0.0834877
gnn,multitask,5,0.041088,0.0552107,0.0845449
gnn,multitask,10,0.000578704,4250.07,4008.93
gnn,multitask,10,0.00173611,2041.2,1971
gnn,multitask,10,0.00289352,447.476,454.787
gnn,multitask,10,0.00405093,145.234,153.779
gnn,multitask,10,0.00520833,48.2016,57.5762
gnn,multitask,10,0.00636574,25.109,34.7335
gnn,multitask,10,0.00752315,18.377,25.3017
gnn,multitask,10,0.00868056,11.2977,14.3968
gnn,multitask,10,0.00983796,7.22977,9.84337
gnn,multitask,10,0.0109954,4.13954,6.78938
gnn,multitask,10,0.0121528,2.43047,4.83365
gnn,multitask,10,0.0133102,1.79706,3.78621
gnn,multitask,10,0.0144676,1.52132,3.25598
gnn,multitask,10,0.015625,1.4053,2.96328
gnn,multitask,10,0.0167824,1.12225,2.00894
gnn,multitask,10,0.0179398,0.804036,1.61846
gnn,multitask,10,0.0190972,0.711216,1.64495
gnn,multitask,10,0.0202546,0.603884,1.23426
gnn,multitask,10,0.021412,0.540427,0.985973
gnn,multitask,10,0.0225694,0.391629,0.710645
gnn,multitask,10,0.0237269,0.314293,0.53064
gnn,multitask,10,0.0248843,0.260405,0.503885
gnn,multitask,10,0.0260417,0.205869,0.417581
gnn,multitask,10,0.0271991,0.164979,0.392073
gnn,multitask,10,0.0283565,0.132656,0.346786
gnn,multitask,10,0.0295139,0.105938,0.274749
gnn,multitask,10,0.0306713,0.0846512,0.235019
gnn,multitask,10,0.0318287,0.0751613,0.222397
gnn,multitask,10,0.0329861,0.0705391,0.188976
gnn,multitask,10,0.0341435,0.0616604,0.136185
gnn,multitask,10,0.0353009,0.0593477,0.11427
gnn,multitask,10,0.0364583,0.0578374,0.104004
gnn,multitask,10,0.0376157,0.0608515,0.103106
gnn,multitask,10,0.0387731,0.0554133,0.0880634
gnn,multitask,10,0.0399306,0.0558964,0.0804695
gnn,multitask,10,0.041088,0.0572851,0.0816365
mamba,ox,1,0.000578704,4403.3,3987.77
mamba,ox,1,0.00173611,2196.85,1986.43
mamba,ox,1,0.00289352,525.295,466.886
mamba,ox,1,0.00405093,180.368,158.311
mamba,ox,1,0.00520833,64.7494,60.4614
mamba,ox,1,0.00636574,34.8945,35.9067
mamba,ox,1,0.00752315,25.5503,25.7958
mamba,ox,1,0.00868056,15.6402,14.4973
mamba,ox,1,0.00983796,10.9799,10.287
mamba,ox,1,0.0109954,6.96445,7.0763
mamba,ox,1,0.0121528,4.46877,4.9433
mamba,ox,1,0.0133102,3.23327,3.88165
mamba,ox,1,0.0144676,2.74678,3.43105
mamba,ox,1,0.015625,2.47104,3.16119
mamba,ox,1,0.0167824,1.61291,2.10575
mamba,ox,1,0.0179398,1.04592,1.71076
mamba,ox,1,0.0190972,0.957582,1.76447
mamba,ox,1,0.0202546,0.721949,1.3122
mamba,ox,1,0.021412,0.599444,1.06731
mamba,ox,1,0.0225694,0.384527,0.759069
mamba,ox,1,0.0237269,0.274299,0.571959
mamba,ox,1,0.0248843,0.233787,0.541464
mamba,ox,1,0.0260417,0.163439,0.44158
mamba,ox,1,0.0271991,0.145085,0.422615
mamba,ox,1,0.0283565,0.118969,0.370498
mamba,ox,1,0.0295139,0.0741489,0.290158
mamba,ox,1,0.0306713,0.0580072,0.252986
mamba,ox,1,0.0318287,0.0518903,0.24503
mamba,ox,1,0.0329861,0.0417618,0.206699
mamba,ox,1,0.0341435,0.0286361,0.146848
mamba,ox,1,0.0353009,0.0231201,0.12048
mamba,ox,1,0.0364583,0.0200555,0.108313
mamba,ox,1,0.0376157,0.0200046,0.107624
mamba,ox,1,0.0387731,0.0172831,0.0924343
mamba,ox,1,0.0399306,0.016358,0.0836254
mamba,ox,1,0.041088,0.0180381,0.0848821
mamba,ox,5,0.000578704,4295.77,3975.66
mamba,ox,5,0.00173611,2085.48,1976.39
mamba,ox,5,0.00289352,467.602,464.258
mamba,ox,5,0.00405093,149.821,157.782
mamba,ox,5,0.00520833,48.8808,59.9545
mamba,ox,5,0.00636574,25.9388,36.0682
mamba,ox,5,0.00752315,19.7425,26.0765
mamba,ox,5,0.00868056,11.9714,14.7271
mamba,ox,5,0.00983796,8.08496,10.2219
mamba,ox,5,0.0109954,4.95526,7.0101
mamba,ox,5,0.0121528,3.01011,4.95278
mamba,ox,5,0.0133102,2.22298,3.89973
mamba,ox,5,0.0144676,2.01242,3.41003
mamba,ox,5,0.015625,1.89072,3.14346
mamba,ox,5,0.0167824,1.28719,2.12513
mamba,ox,5,0.0179398,0.811859,1.7139
mamba,ox,5,0.0190972,0.770146,1.74091
mamba,ox,5,0.0202546,0.592795,1.29868
mamba,ox,5,0.021412,0.47928,1.0493
mamba,ox,5,0.0225694,0.301019,0.751006
mamba,ox,5,0.0237269,0.215439,0.563169
mamba,ox,5,0.0248843,0.172376,0.534586
mamba,ox,5,0.0260417,0.117481,0.437055
mamba,ox,5,0.0271991,0.0961205,0.416558
mamba,ox,5,0.0283565,0.0795182,0.366463
mamba,ox,5,0.0295139,0.0509778,0.287089
mamba,ox,5,0.0306713,0.0396175,0.249557
mamba,ox,5,0.0318287,0.0325932,0.240839
mamba,ox,5,0.0329861,0.026427,0.203808
mamba,ox,5,0.0341435,0.0203744,0.145193
mamba,ox,5,0.0353009,0.0179053,0.120431
mamba,ox,5,0.0364583,0.0168227,0.108852
mamba,ox,5,0.0376157,0.0179731,0.107738
mamba,ox,5,0.0387731,0.0164879,0.0919734
mamba,ox,5,0.0399306,0.0158872,0.0834877
mamba,ox,5,0.041088,0.0177852,0.0845449
mamba,ox,10,0.000578704,4199.72,4008.93
mamba,ox,10,0.00173611,2014.89,1971
mamba,ox,10,0.00289352,443.724,454.787
mamba,ox,10,0.00405093,143.63,153.779
mamba,ox,10,0.00520833,47.7283,57.5762
mamba,ox,10,0.00636574,24.022,34.7335
mamba,ox,10,0.00752315,17.6768,25.3017
mamba,ox,10,0.00868056,11.1125,14.3968
mamba,ox,10,0.00983796,7.33833,9.84337
mamba,ox,10,0.0109954,4.43609,6.78938
mamba,ox,10,0.0121528,2.6334,4.83365
mamba,ox,10,0.0133102,1.83092,3.78621
mamba,ox,10,0.0144676,1.57892,3.25598
mamba,ox,10,0.015625,1.44032,2.96328
mamba,ox,10,0.0167824,1.03384,2.00894
mamba,ox,10,0.0179398,0.662661,1.61846
mamba,ox,10,0.0190972,0.600983,1.64495
mamba,ox,10,0.0202546,0.46205,1.23426
mamba,ox,10,0.021412,0.391517,0.985973
mamba,ox,10,0.0225694,0.254489,0.710645
mamba,ox,10,0.0237269,0.178026,0.53064
mamba,ox,10,0.0248843,0.137547,0.503885
mamba,ox,10,0.0260417,0.0970929,0.417581
mamba,ox,10,0.0271991,0.0725163,0.392073
mamba,ox,10,0.0283565,0.0566322,0.346786
mamba,ox,10,0.0295139,0.0411046,0.274749
mamba,ox,10,0.0306713,0.0331748,0.235019
mamba,ox,10,0.0318287,0.0261002,0.222397
mamba,ox,10,0.0329861,0.0220327,0.188976
mamba,ox,10,0.0341435,0.0195168,0.136185
mamba,ox,10,0.0353009,0.0196538,0.11427
mamba,ox,10,0.0364583,0.0191543,0.104004
mamba,ox,10,0.0376157,0.0208007,0.103106
mamba,ox,10,0.0387731,0.0199566,0.0880634
mamba,ox,10,0.0399306,0.0198133,0.0804695
mamba,ox,10,0.041088,0.0207094,0.0816365
mamba,species,1,0.000578704,4285.3,3987.77
mamba,species,1,0.00173611,2134.63,1986.43
mamba,species,1,0.00289352,512.597,466.886
mamba,species,1,0.00405093,179.034,158.311
mamba,species,1,0.00520833,64.9027,60.4614
mamba,species,1,0.00636574,35.7981,35.9067
mamba,species,1,0.00752315,26.4268,25.7958
mamba,species,1,0.00868056,16.3513,14.4973
mamba,species,1,0.00983796,11.6685,10.287
mamba,species,1,0.0109954,7.48232,7.0763
mamba,species,1,0.0121528,4.8494,4.9433
mamba,species,1,0.0133102,3.58254,3.88165
mamba,species,1,0.0144676,3.02908,3.43105
mamba,species,1,0.015625,2.72354,3.16119
mamba,species,1,0.0167824,1.81811,2.10575
mamba,species,1,0.0179398,1.20368,1.71076
mamba,species,1,0.0190972,1.08622,1.76447
mamba,species,1,0.0202546,0.828751,1.3122
mamba,species,1,0.021412,0.700978,1.06731
mamba,species,1,0.0225694,0.46293,0.759069
mamba,species,1,0.0237269,0.346739,0.571959
mamba,species,1,0.0248843,0.297695,0.541464
mamba,species,1,0.0260417,0.211351,0.44158
mamba,species,1,0.0271991,0.187351,0.422615
mamba,species,1,0.0283565,0.151412,0.370498
mamba,species,1,0.0295139,0.101385,0.290158
mamba,species,1,0.0306713,0.0795745,0.252986
mamba,species,1,0.0318287,0.0718829,0.24503
mamba,species,1,0.0329861,0.0604847,0.206699
mamba,species,1,0.0341435,0.0432649,0.146848
mamba,species,1,0.0353009,0.0354708,0.12048
mamba,species,1,0.0364583,0.0310803,0.108313
mamba,species,1,0.0376157,0.0310779,0.107624
mamba,species,1,0.0387731,0.0267542,0.0924343
mamba,species,1,0.0399306,0.0247583,0.0836254
mamba,species,1,0.041088,0.0262155,0.0848821
mamba,species,5,0.000578704,4062.64,3975.66
mamba,species,5,0.00173611,1983.04,1976.39
mamba,species,5,0.00289352,463.991,464.258
mamba,species,5,0.00405093,156.355,157.782
mamba,species,5,0.00520833,51.0921,59.9545
mamba,species,5,0.00636574,27.5682,36.0682
mamba,species,5,0.00752315,21.1006,26.0765
mamba,species,5,0.00868056,12.6299,14.7271
mamba,species,5,0.00983796,8.7125,10.2219
mamba,species,5,0.0109954,5.48611,7.0101
mamba,species,5,0.0121528,3.37872,4.95278
mamba,species,5,0.0133102,2.47506,3.89973
mamba,species,5,0.0144676,2.25047,3.41003
mamba,species,5,0.015625,2.12309,3.14346
mamba,species,5,0.0167824,1.42399,2.12513
mamba,species,5,0.0179398,0.933382,1.7139
mamba,species,5,0.0190972,0.919352,1.74091
mamba,species,5,0.0202546,0.735035,1.29868
mamba,species,5,0.021412,0.593954,1.0493
mamba,species,5,0.0225694,0.389057,0.751006
mamba,species,5,0.0237269,0.292975,0.563169
mamba,species,5,0.0248843,0.242237,0.534586
mamba,species,5,0.0260417,0.170845,0.437055
mamba,species,5,0.0271991,0.141591,0.416558
mamba,species,5,0.0283565,0.113793,0.366463
mamba,species,5,0.0295139,0.0794841,0.287089
mamba,species,5,0.0306713,0.0611428,0.249557
mamba,species,5,0.0318287,0.0516017,0.240839
mamba,species,5,0.0329861,0.0445129,0.203808
mamba,species,5,0.0341435,0.036209,0.145193
mamba,species,5,0.0353009,0.034712,0.120431
mamba,species,5,0.0364583,0.0320426,0.108852
mamba,species,5,0.0376157,0.0318006,0.107738
mamba,species,5,0.0387731,0.029174,0.0919734
mamba,species,5,0.0399306,0.0278564,0.0834877
mamba,species,5,0.041088,0.0290313,0.0845449
mamba,species,10,0.000578704,4144.68,4008.93
mamba,species,10,0.00173611,1981.72,1971
mamba,species,10,0.00289352,442.718,454.787
mamba,species,10,0.00405093,148.996,153.779
mamba,species,10,0.00520833,50.8975,57.5762
mamba,species,10,0.00636574,26.4336,34.7335
mamba,species,10,0.00752315,19.3719,25.3017
mamba,species,10,0.00868056,11.982,14.3968
mamba,species,10,0.00983796,8.06804,9.84337
mamba,species,10,0.0109954,5.08505,6.78938
mamba,species,10,0.0121528,3.16779,4.83365
mamba,species,10,0.0133102,2.267,3.78621
mamba,species,10,0.0144676,1.94194,3.25598
mamba,species,10,0.015625,1.79184,2.96328
mamba,species,10,0.0167824,1.2432,2.00894
mamba,species,10,0.0179398,0.798101,1.61846
mamba,species,10,0.0190972,0.762571,1.64495
mamba,species,10,0.0202546,0.643774,1.23426
mamba,species,10,0.021412,0.538492,0.985973
mamba,species,10,0.0225694,0.34786,0.710645
mamba,species,10,0.0237269,0.267597,0.53064
mamba,species,10,0.0248843,0.214389,0.503885
mamba,species,10,0.0260417,0.15156,0.417581
mamba,species,10,0.0271991,0.119899,0.392073
mamba,species,10,0.0283565,0.0965083,0.346786
mamba,species,10,0.0295139,0.0719424,0.274749
mamba,species,10,0.0306713,0.056967,0.235019
mamba,species,10,0.0318287,0.0479688,0.222397
mamba,species,10,0.0329861,0.042967,0.188976
mamba,species,10,0.0341435,0.0386145,0.136185
mamba,species,10,0.0353009,0.0381821,0.11427
mamba,species,10,0.0364583,0.0360531,0.104004
mamba,species,10,0.0376157,0.0366203,0.103106
mamba,species,10,0.0387731,0.034723,0.0880634
mamba,species,10,0.0399306,0.0335001,0.0804695
mamba,species,10,0.041088,0.0334645,0.0816365
mamba,multitask,1,0.000578704,4371.71,3987.77
mamba,multitask,1,0.00173611,2177.69,1986.43
mamba,multitask,1,0.00289352,519.009,466.886
mamba,multitask,1,0.00405093,179.414,158.311
mamba,multitask,1,0.00520833,64.8071,60.4614
mamba,multitask,1,0.00636574,35.2832,35.9067
mamba,multitask,1,0.00752315,25.8252,25.7958
mamba,multitask,1,0.00868056,15.9794,14.4973
mamba,multitask,1,0.00983796,11.3754,10.287
mamba,multitask,1,0.0109954,7.31708,7.0763
mamba,multitask,1,0.0121528,4.72792,4.9433
mamba,multitask,1,0.0133102,3.45499,3.88165
mamba,multitask,1,0.0144676,2.92391,3.43105
mamba,multitask,1,0.015625,2.63252,3.16119
mamba,multitask,1,0.0167824,1.76425,2.10575
mamba,multitask,1,0.0179398,1.18382,1.71076
mamba,multitask,1,0.0190972,1.07047,1.76447
mamba,multitask,1,0.0202546,0.810485,1.3122
mamba,multitask,1,0.021412,0.677437,1.06731
mamba,multitask,1,0.0225694,0.453797,0.759069
mamba,multitask,1,0.0237269,0.337406,0.571959
mamba,multitask,1,0.0248843,0.284359,0.541464
mamba,multitask,1,0.0260417,0.204377,0.44158
mamba,multitask,1,0.0271991,0.186845,0.422615
mamba,multitask,1,0.0283565,0.154126,0.370498
mamba,multitask,1,0.0295139,0.102869,0.290158
mamba,multitask,1,0.0306713,0.0816776,0.252986
mamba,multitask,1,0.0318287,0.0756228,0.24503
mamba,multitask,1,0.0329861,0.0625025,0.206699
mamba,multitask,1,0.0341435,0.0439036,0.146848
mamba,multitask,1,0.0353009,0.035479,0.12048
mamba,multitask,1,0.0364583,0.0306818,0.108313
mamba,multitask,1,0.0376157,0.030848,0.107624
mamba,multitask,1,0.0387731,0.0266847,0.0924343
mamba,multitask,1,0.0399306,0.0244825,0.0836254
mamba,multitask,1,0.041088,0.0257921,0.0848821
mamba,multitask,5,0.000578704,4252.1,3975.66
mamba,multitask,5,0.00173611,2085.94,1976.39
mamba,multitask,5,0.00289352,475.022,464.258
mamba,multitask,5,0.00405093,155.519,157.782
mamba,multitask,5,0.00520833,50.9457,59.9545
mamba,multitask,5,0.00636574,27.6851,36.0682
mamba,multitask,5,0.00752315,21.2225,26.0765
mamba,multitask,5,0.00868056,12.7287,14.7271
mamba,multitask,5,0.00983796,8.66699,10.2219
mamba,multitask,5,0.0109954,5.3757,7.0101
mamba,multitask,5,0.0121528,3.27666,4.95278
mamba,multitask,5,0.0133102,2.47035,3.89973
mamba,multitask,5,0.0144676,2.23232,3.41003
mamba,multitask,5,0.015625,2.05775,3.14346
mamba,multitask,5,0.0167824,1.40481,2.12513
mamba,multitask,5,0.0179398,0.954228,1.7139
mamba,multitask,5,0.0190972,0.910607,1.74091
mamba,multitask,5,0.0202546,0.710815,1.29868
mamba,multitask,5,0.021412,0.586495,1.0493
mamba,multitask,5,0.0225694,0.386189,0.751006
mamba,multitask,5,0.0237269,0.283717,0.563169
mamba,multitask,5,0.0248843,0.232736,0.534586
mamba,multitask,5,0.0260417,0.161329,0.437055
mamba,multitask,5,0.0271991,0.134234,0.416558
mamba,multitask,5,0.0283565,0.109202,0.366463
mamba,multitask,5,0.0295139,0.0749297,0.287089
mamba,multitask,5,0.0306713,0.0575945,0.249557
mamba,multitask,5,0.0318287,0.0493985,0.240839
mamba,multitask,5,0.0329861,0.0424777,0.203808
mamba,multitask,5,0.0341435,0.0332706,0.145193
mamba,multitask,5,0.0353009,0.0300885,0.120431
mamba,multitask,5,0.0364583,0.0280936,0.108852
mamba,multitask,5,0.0376157,0.0283452,0.107738
mamba,multitask,5,0.0387731,0.0252935,0.0919734
mamba,multitask,5,0.0399306,0.0248241,0.0834877
mamba,multitask,5,0.041088,0.0264649,0.0845449
mamba,multitask,10,0.000578704,4332.58,4008.93
mamba,multitask,10,0.00173611,2113.26,1971
mamba,multitask,10,0.00289352,476.723,454.787
mamba,multitask,10,0.00405093,156.16,153.779
mamba,multitask,10,0.00520833,49.98,57.5762
mamba,multitask,10,0.00636574,26.0246,34.7335
mamba,multitask,10,0.00752315,19.9477,25.3017
mamba,multitask,10,0.00868056,12.1953,14.3968
mamba,multitask,10,0.00983796,8.07546,9.84337
mamba,multitask,10,0.0109954,4.9801,6.78938
mamba,multitask,10,0.0121528,2.98171,4.83365
mamba,multitask,10,0.0133102,2.13185,3.78621
mamba,multitask,10,0.0144676,1.84913,3.25598
mamba,multitask,10,0.015625,1.71786,2.96328
mamba,multitask,10,0.0167824,1.19269,2.00894
mamba,multitask,10,0.0179398,0.793722,1.61846
mamba,multitask,10,0.0190972,0.749778,1.64495
mamba,multitask,10,0.0202546,0.591406,1.23426
mamba,multitask,10,0.021412,0.508321,0.985973
mamba,multitask,10,0.0225694,0.341549,0.710645
mamba,multitask,10,0.0237269,0.253248,0.53064
mamba,multitask,10,0.0248843,0.201252,0.503885
mamba,multitask,10,0.0260417,0.141817,0.417581
mamba,multitask,10,0.0271991,0.10856,0.392073
mamba,multitask,10,0.0283565,0.0859149,0.346786
mamba,multitask,10,0.0295139,0.0632917,0.274749
mamba,multitask,10,0.0306713,0.0505691,0.235019
mamba,multitask,10,0.0318287,0.0425394,0.222397
mamba,multitask,10,0.0329861,0.0366089,0.188976
mamba,multitask,10,0.0341435,0.0326301,0.136185
mamba,multitask,10,0.0353009,0.0331112,0.11427
mamba,multitask,10,0.0364583,0.0316806,0.104004
mamba,multitask,10,0.0376157,0.0325445,0.103106
mamba,multitask,10,0.0387731,0.0304654,0.0880634
mamba,multitask,10,0.0399306,0.0299617,0.0804695
mamba,multitask,10,0.041088,0.0302553,0.0816365
